id,url,bread_list,q,a_text
1,https://faq.nissay.co.jp/faq/show/1?site_domain=default,よくあるご質問 > ベストドクターズ・サービス > ベストドクターズ・サービスとは何ですか？,ベストドクターズ・サービスとは何ですか？,"優秀な専門医(Best Doctors in Japan ™）の中から治療やセカンドオピニオンの取得に適した日本の医師を無料でご紹介するサービスです。 ※当社所定契約の被保険者様が利用できます。また、利用には対象疾患に罹患したと診断確定されていることが必要です。 ※当サービスは株式会社法研が提供するサービスであり、当社が提供する保険またはサービスではありません。 ※ベストドクターズ社は米国に本拠を置き、世界各国で病状に応じた適切な治療やセカンドオピニオン取得のための名医紹介等を行っています。日本では現在約6,500人が優秀な医師「Best Doctors in Japan ™」として選出されています。（2018年5月現在）"
2,https://faq.nissay.co.jp/faq/show/2?site_domain=default,よくあるご質問 > ベストドクターズ・サービス > ベストドクターズ・サービスは無料のサービスですか？,ベストドクターズ・サービスは無料のサービスですか？,無料のサービスです。 ただし、以下の費用は、お客様自身の負担となります。 ・紹介された医師の診察を受ける際の費用 ・セカンドオピニオンの取得にかかる費用 ・必要書類の準備にかかる費用  ※カルテ、紹介状が必要となる場合があります。
3,https://faq.nissay.co.jp/faq/show/3?site_domain=default,よくあるご質問 > ベストドクターズ・サービス > 家族が被保険者に代わってベストドクターズ・サービスを申込むことはできますか？,家族が被保険者に代わってベストドクターズ・サービスを申込むことはできますか？,以下のいずれかに該当する場合は、ご家族※1が被保険者様に代わって申込みできます※2。 被保険者様自身が病気であることの告知を受けていない場合 被保険者様自身が、認知症、自律神経失調症、躁うつ病、神経症、統合失調症、その他これらに類する疾病に罹患している場合 被保険者様自身の病状・治療状況・年齢等により、本人が当サービスの利用が困難な場合 ※1被保険者様の（１）配偶者、（２）２親等以内の親族、（３）法定代理人に限ります。 ※2ご家族が申込んだ場合、被保険者様自身への告知の有無に関わらず、申込んだご家族宛に「専門医ご案内の書類」を送付します。
4,https://faq.nissay.co.jp/faq/show/4?site_domain=default,よくあるご質問 > ベストドクターズ・サービス > 健康診断で、がんに罹患している可能性があると指摘されました。ベストドクター...,健康診断で、がんに罹患している可能性があると指摘されました。ベストドクターズ・サービスを利用することはできますか？,罹患した疑いがあるだけでは、ベストドクターズ・サービスを利用することはできません。 利用するためには、「対象疾患に罹患したと 『診断確定』されていること」が必要となります。
5,https://faq.nissay.co.jp/faq/show/5?site_domain=default,よくあるご質問 > ベストドクターズ・サービス > 特定の医師を指名して、紹介してもらうことはできますか？,特定の医師を指名して、紹介してもらうことはできますか？,お客様が医師を指名することはできません。 株式会社法研が、独自基準で選出した優秀な医師（Best Doctors in Japan）の中から、病状に適した専門医を選定し、紹介します。
6,https://faq.nissay.co.jp/faq/show/6?site_domain=default,よくあるご質問 > ベストドクターズ・サービス > 希望する地域の医師を紹介してもらうことはできますか？,希望する地域の医師を紹介してもらうことはできますか？,受診可能な地域を伺ったうえで、専門医を紹介します。 ただし、病状に適した専門医が、受診可能な地域内にいない場合は、紹介できません。
7,https://faq.nissay.co.jp/faq/show/7?site_domain=default,よくあるご質問 > ベストドクターズ・サービス > 専門医受診の予約はしてもらえますか？,専門医受診の予約はしてもらえますか？,予約は、お客様自身で行なってください。 株式会社法研では、お客様の病状などを専門医に伝え、受入れ可否の確認をします。 予約・受診方法については、送付する「専門医ご案内の書類」を確認ください。
8,https://faq.nissay.co.jp/faq/show/8?site_domain=default,よくあるご質問 > ベストドクターズ・サービス > ベストドクターズ・サービスでは医師の紹介状をもらえますか？,ベストドクターズ・サービスでは医師の紹介状をもらえますか？,専門医の紹介はできますが、紹介状を渡すことはできません。 お客様の病状に適した専門医を記載した「専門医ご案内の書類」に予約・受診方法等を記載していますので、そちらを参照しながら、お客様自身で予約し、受診ください。
9,https://faq.nissay.co.jp/faq/show/9?site_domain=default,よくあるご質問 > ベストドクターズ・サービス > 紹介された専門医を受診する際には何を持参すればいいですか？,紹介された専門医を受診する際には何を持参すればいいですか？,主治医から「診療情報提供書」を取得し、持参ください。 この「診療情報提供書」は診察内容が記載されており、「紹介状」としての扱いとなります。 紹介する専門医によっては、CTなどの画像の持参が必要な場合があるため、詳細については実際に受診する専門医にお問合せください。 なお、「診療情報提供書」の取得にかかる費用は、お客様自身の負担となります。
10,https://faq.nissay.co.jp/faq/show/10?site_domain=default,よくあるご質問 > ベストドクターズ・サービス > セカンドオピニオンを取得するにあたり、必要なものは何かありますか？,セカンドオピニオンを取得するにあたり、必要なものは何かありますか？,セカンドオピニオンを取得するには、どの医療機関でも原則、診療情報提供書（または紹介状）と検査データが必要になります。医師は、紹介状や検査データなどをもとに、今までの経過を含めて、総合的に判断しますので、診療情報提供書をお持ちにならないと経過が分からず、明確な意見をきくことができないこともあります。
11,https://faq.nissay.co.jp/faq/show/11?site_domain=default,よくあるご質問 > 法人インターネットサービス > ご利用環境とセキュリティ > インターネット上のセキュリティはどうなっていますか。,インターネット上のセキュリティはどうなっていますか。,当サービスでは、以下のセキュリティ対策を行っております。 (1)「パスワード」「セキュリティコード」の2種類を設定いただきます。 (2)SSLによって情報は暗号化されています。 (3)一定時間以上、端末操作せずに放置されますと、自動的にシステムを終了します。
12,https://faq.nissay.co.jp/faq/show/12?site_domain=default,よくあるご質問 > 法人インターネットサービス > ご利用環境とセキュリティ > 専用のソフトは必要ですか。,専用のソフトは必要ですか。,専用ソフトは必要ありません。
13,https://faq.nissay.co.jp/faq/show/13?site_domain=default,よくあるご質問 > 法人インターネットサービス > ご利用環境とセキュリティ > インターネット利用環境を教えてください。また利用する上で制約はありますか。,インターネット利用環境を教えてください。また利用する上で制約はありますか。,以下のブラウザでご利用いただけます。 ブラウザ Microsoft Edge（97.0.1072.55） ※プレリリースやベータ版はご利用になれません。 ※上記以外のブラウザをご利用の場合、一部、正しく動作しない可能性がございますので、予めご了承ください。 なおご利用には、ブラウザの設定で“cookie”を有効にする必要があります。 また、プロバイダや企業内LANなどの環境によっては、ご利用になれない場合もあります。 ニッセイ法人インターネットサービスのご利用時間は、以下のとおりとなります。 サービス種類 月～土曜※1 日曜・祝日※1 新規お申込みの受付 8:00～23:45 8:00～20:00 照会 サービス 加入保険契約内容照会 24時間※2 0:00～20:00※2 経理処理情報照会 8:00～23:45 8:00～20:00 将来受取額照会 24時間 0:00～20:00 資金取引 サービス 契約貸付金の借入れ （残高照会） 8:00～23:45 （照会は24時間）※3 8:00～20:00 （照会は 0:00～20:00）※3 積立配当金の引出し （残高照会） 据置祝金の引出し （残高照会） 据置保険金の引出し （残高照会） 取引履歴照会 24時間 0:00～20:00 各種お手続き メールアドレス 登録・変更・削除 24時間 24時間 パスワード登録・変更 8:00～23:45 8:00～20:00 セキュリティコード登録・変更 自動取引サービスの利用停止（ニッセイ法人インターネットサービスの全面停止） ※1毎月25日直前の日曜日、12/31～1/3、5/3～5/5は利用停止日となります。 ご利用停止日の前日は23:45まで、翌日は8:00からのご利用となります。 日曜・祝日の20:00～翌日8:00はご利用になれません。 ※2変額保険解約時のお支払金額の照会は月～金曜日9:00～23:45となります。 土・日・祝日はお取扱いしておりません。 ※3変額保険の照会・引出し・借入れは9:00からとなります。 土・日・祝日はお取扱いしておりません。
14,https://faq.nissay.co.jp/faq/show/14?site_domain=default,よくあるご質問 > 法人インターネットサービス > ご利用環境とセキュリティ > 携帯電話やPHSその他のモバイル端末では利用できますか。,携帯電話やPHSその他のモバイル端末では利用できますか。,大変申し訳ありませんが、ご利用いただけません。
15,https://faq.nissay.co.jp/faq/show/15?site_domain=default,よくあるご質問 > 法人インターネットサービス > ご利用環境とセキュリティ > Linux、Unixでも使えますか。,Linux、Unixでも使えますか。,大変申し訳ありませんが、ご利用いただけません。
16,https://faq.nissay.co.jp/faq/show/16?site_domain=default,よくあるご質問 > 法人インターネットサービス > サービスのお申込み > 申込みの方法を教えてください。また、申込みからサービス利用開始までの日数を...,申込みの方法を教えてください。また、申込みからサービス利用開始までの日数を教えてください。,インターネット上で申込書の請求をいただいた後、1週間程度で当サービスの申込書がお客様のお手元に届きます。 また申込書にご記入のうえ、ご返送いただき、当社で受付後、1週間程度で「お客様IDのお知らせ」が送付されます。 記載されている「お客様ID」「仮セキュリティーコード」と、申込書請求時にご設定いただいた「パスワード」を入力いただくことで、当サービスが利用できるようになります。 上記は、インターネット上で申込書の請求をしていただいた場合のお取扱いとなります。 サービスのお申込みにつきましては、インターネット上による申込書の請求のほか、ニッセイトータルパートナーに申込書の請求をすることもできます。その場合、インターネットによる申込書の請求のお取扱いと異なります。 ※上記日数は目安となります。お手続きの状況により日数は変わる可能性がございます。 申込書仮請求につきましては、以下をご参照ください。 申込書仮請求について
17,https://faq.nissay.co.jp/faq/show/17?site_domain=default,よくあるご質問 > 法人インターネットサービス > サービスのお申込み > 入会金・会費などは必要ですか。,入会金・会費などは必要ですか。,入会金・会費などは不要です。
18,https://faq.nissay.co.jp/faq/show/18?site_domain=default,よくあるご質問 > 法人インターネットサービス > サービスのお申込み > これから新規で保険に加入する予定ですが、新規加入の手続きをする際、当サービ...,これから新規で保険に加入する予定ですが、新規加入の手続きをする際、当サービスの申込みも同時にできますか。,法人インターネットサービスの申込書も同時記入することで、保険の新規加入と法人インターネットサービス申込みを同時に行うことができます。 ※事業保険扱契約につきましては、保険の新規加入と当サービスへのお申込みは、別のお手続きとなります。
19,https://faq.nissay.co.jp/faq/show/19?site_domain=default,よくあるご質問 > 法人インターネットサービス > サービスのお申込み > 取引口座（送金口座）とは何ですか。,取引口座（送金口座）とは何ですか。,契約貸付金や積立配当金のお引出しなどの資金取引サービスをご利用いただく際に、当社から貸付金などをお振込みさせていただく口座を取引口座（送金口座）といいます。 取引口座（送金口座）には法人名義の口座をご登録ください。
20,https://faq.nissay.co.jp/faq/show/20?site_domain=default,よくあるご質問 > 法人インターネットサービス > サービスの内容 > ニッセイ法人インターネットサービスはどのようなサービスですか。,ニッセイ法人インターネットサービスはどのようなサービスですか。,法人のお客様専用のサービスです。 ご利用登録いただくことにより、インターネット上で以下のサービスがご利用可能となります。 (1)ご契約いただいている契約の内容照会 (2)将来受取額の照会 (3)お支払いいただいている保険料の経理処理情報の照会※ (4)急な資金が必要な場合などに、契約貸付、積立配当金などの引出しといった資金取引 ※経理処理情報は、試算数値での提供となります。正確な経理処理につきましては、税理士、所轄の税務署にご確認・ご相談ください。
21,https://faq.nissay.co.jp/faq/show/21?site_domain=default,よくあるご質問 > 法人インターネットサービス > サービスの内容 > 全ての契約がサービスの対象となるのですか。,全ての契約がサービスの対象となるのですか。,以下のご契約につきましてはご利用いただけません。 保険金をお支払した、満期金をお支払したなどのために現在消滅している契約 また、団体定期保険、企業年金保険、年金基金保険、確定拠出年金などの企業保険についても当サービスの対象となりません。
22,https://faq.nissay.co.jp/faq/show/22?site_domain=default,よくあるご質問 > 法人インターネットサービス > サービスの内容 > 自宅と会社の両方で使いたいのですが、可能ですか。,自宅と会社の両方で使いたいのですが、可能ですか。,インターネット環境があればどこからでもご利用いただけます。 海外からのご利用に際しては、日本語の環境が必要となる場合がございます。
23,https://faq.nissay.co.jp/faq/show/23?site_domain=default,よくあるご質問 > 法人インターネットサービス > サービスの内容 > 個人契約では、サービスを利用できませんか。,個人契約では、サービスを利用できませんか。,当サービスは法人のお客様専用のサービスとなります。 個人のお客様につきましては、「ご契約者さま専用サービス」をご利用ください。 ご契約者さま専用サービス
24,https://faq.nissay.co.jp/faq/show/24?site_domain=default,よくあるご質問 > 法人インターネットサービス > サービスの内容 > 「事業保険扱契約」は当サービスで利用できますか。,「事業保険扱契約」は当サービスで利用できますか。,「事業保険扱契約」は平成21年9月21日より当サービスをご利用いただけるようになりました。経理処理情報照会サービスにてご確認いただけます。 ※「事業保険扱契約」は、法人を契約者とし、その法人に在籍する10名以上の役員・従業員を被保険者としてご契約いただき、“事業保険扱契約の締結（事業保険扱契約申込書のご提出）”をいただいたご契約です。 ※「事業保険扱契約」は経理処理情報照会サービスのみご利用いただけます。申し訳ございませんが、契約内容の照会や契約貸付金の借入れなどの資金取引など、経理処理情報以外のサービスについてはご利用いただけません。 ※経理処理情報照会サービスでは、ご登録いただきました決算月に応じて情報が更新されますので、ご照会いただいた時点によっては、ご契約の経理処理情報がご覧いただけない場合がございます。
25,https://faq.nissay.co.jp/faq/show/25?site_domain=default,よくあるご質問 > 法人インターネットサービス > サービスの内容 > 「ニッセイ法人インターネットサービス」にログインできません。,「ニッセイ法人インターネットサービス」にログインできません。,ログインにあたっては、「お客様ID」「パスワード」「セキュリティコード」の3つの情報で認証を行っています。 いずれかが誤って入力された場合は、ログインできません。 「お客様ID」を忘れてしまった場合について パスワードを忘れてしまった場合について 「セキュリティコード」を忘れてしまった場合について
26,https://faq.nissay.co.jp/faq/show/26?site_domain=default,よくあるご質問 > 法人インターネットサービス > サービスの内容 > 「お客様ID」を忘れてしまった場合はどうしたらよいですか。,「お客様ID」を忘れてしまった場合はどうしたらよいですか。,お客様IDは「ご契約内容のお知らせ」などの通知物をご確認ください。 通知物を紛失されたなど、確認ができない場合は、お手数ですが、当社ホームページの法人インターネットサービスページにある「お問合せ・相談」よりお申出ください。 お問合せ・ご相談
27,https://faq.nissay.co.jp/faq/show/27?site_domain=default,よくあるご質問 > 法人インターネットサービス > サービスの内容 > 「お客様ID」は変更できますか。,「お客様ID」は変更できますか。,お客様IDは、自動付与となるため、変更いただくことができません。
28,https://faq.nissay.co.jp/faq/show/28?site_domain=default,よくあるご質問 > 法人インターネットサービス > サービスの内容 > 「法人インターネットサービス」のパスワードを忘れてしまいました。,「法人インターネットサービス」のパスワードを忘れてしまいました。,書面でのお手続きが必要となります。 ※セキュリティの関係上、インターネット・電話でのパスワードの回答は行うことができません。 お手数ですが、当社ホームページの法人インターネットサービスページにある「お問合せ・ご相談」よりお申し出ください。 当社よりお手続き書類を郵送いたします。 お問合せ・ご相談
29,https://faq.nissay.co.jp/faq/show/29?site_domain=default,よくあるご質問 > 法人インターネットサービス > サービスの内容 > 「パスワード」は変更できますか。,「パスワード」は変更できますか。,変更できます。 ログイン後の「サービストップ」画面から、「パスワードの変更」を選択してお手続きください。
30,https://faq.nissay.co.jp/faq/show/30?site_domain=default,よくあるご質問 > 法人インターネットサービス > サービスの内容 > 「セキュリティコード」を忘れてしまいました。,「セキュリティコード」を忘れてしまいました。,書面でのお手続きが必要となります。 ※セキュリティの関係上、インターネット・電話でのセキュリティコードの回答は行うことができません。 当社ホームページ「法人インターネットサービス」上の「お問合せ・ご相談」 よりお申し出ください。 当社よりお手続き書類を郵送いたします。 お問合せ・ご相談
31,https://faq.nissay.co.jp/faq/show/31?site_domain=default,よくあるご質問 > 法人インターネットサービス > サービスの内容 > 「セキュリティコード」は変更できますか。,「セキュリティコード」は変更できますか。,変更できます。 ログイン後の「サービストップ画面」から、「セキュリティコードの変更」を選択してお手続きください。
32,https://faq.nissay.co.jp/faq/show/32?site_domain=default,よくあるご質問 > 法人インターネットサービス > サービスの内容 > 「パスワード」や「セキュリティコード」を連続で間違えてロックがかかってしま...,「パスワード」や「セキュリティコード」を連続で間違えてロックがかかってしまいました。,誤った「パスワード」「セキュリティコード」を所定の回数入力されるとセキュリティの関係上、ロックがかかります。 （入力回数は通算されます） ご利用再開には、書面によるお手続きが必要となります。 当社ホームページ「法人インターネットサービス」上の「お問合せ・ご相談」よりお申出ください。 当社よりお手続き書類を郵送いたします。 お問合せ・ご相談
33,https://faq.nissay.co.jp/faq/show/33?site_domain=default,よくあるご質問 > 法人インターネットサービス > サービスの内容 > 利用時間を教えてください。,利用時間を教えてください。,サービス内容により、ご利用時間が異なります。以下のページよりご確認ください。 ご利用時間
34,https://faq.nissay.co.jp/faq/show/34?site_domain=default,よくあるご質問 > 法人インターネットサービス > サービスの内容 > メールサービスの内容を教えてください。,メールサービスの内容を教えてください。,経理処理情報の更新をご案内するサービスです。 （予めご登録いただいている決算月翌月10日頃の配信となります） その他、不定期で商品・サービスのご案内などを送付することがあります。
35,https://faq.nissay.co.jp/faq/show/35?site_domain=default,よくあるご質問 > 法人インターネットサービス > サービスの内容 > 住所が変わったのですが、手続きはできますか。,住所が変わったのですが、手続きはできますか。,当サービスでは住所変更手続きはお取扱しておりませんので、書面でお手続きいただくこととなります。 当社ホームページ「法人インターネットサービス」上の「お問合せ・ご相談」よりお申出ください。 当社よりお手続き書類を郵送いたします お問合せ・ご相談
36,https://faq.nissay.co.jp/faq/show/36?site_domain=default,よくあるご質問 > 法人インターネットサービス > サービスの内容 > サービスの利用者は取締役などに限定されるのですか。また、利用担当者の変更は...,サービスの利用者は取締役などに限定されるのですか。また、利用担当者の変更はできますか。,「ニッセイ法人インターネットサービス」の利用者は、役職などに関わらず、お客様が任意に設定いただくことが可能です。 ※ただしセキュリティの関係上、利用者を変更される場合は、「パスワード」「セキュリティコード」を変更いただくようお願いいたします。 なお、利用者変更について当社への連絡は不要です。
37,https://faq.nissay.co.jp/faq/show/37?site_domain=default,よくあるご質問 > 法人インターネットサービス > サービスの内容 > 取引口座（送金口座）を変更したいのですが。,取引口座（送金口座）を変更したいのですが。,当サービスでは、取引口座（送金口座）変更のお手続きはお取扱いしておりませんので、書面でお手続きいただくこととなります。 当社ホームページの「法人インターネットサービス」上の「お問合せ・ご相談」よりお申し出いただくようお願いします。 お問合せ・ご相談
38,https://faq.nissay.co.jp/faq/show/38?site_domain=default,よくあるご質問 > 法人インターネットサービス > サービスの内容 > 経理処理情報にはどのような情報が掲示されますか。,経理処理情報にはどのような情報が掲示されますか。,契約単位・法人単位での経理処理情報（お支払いいただいた保険料の仕訳など）の情報を提供いたします。 サービス申込時にあらかじめお客様に指定いただく決算月の翌月10日頃に情報を更新します。提供する数値情報は、決算年度1年度分の数値となります。 ※一部の契約については法人単位合計の対象外となる場合があります。 ※平成21年9月以降の決算月から、保険金受取人に応じて経理処理情報が変わりますので、同じ契約でも以前と経理処理情報が異なる場合があります。
39,https://faq.nissay.co.jp/faq/show/39?site_domain=default,よくあるご質問 > 法人インターネットサービス > サービスの内容 > 経理処理情報に掲載されている情報はいつ時点のものですか。,経理処理情報に掲載されている情報はいつ時点のものですか。,経理処理情報につきましては、決算年度開始月から、あらかじめご登録いただいている決算月（本決算月に加え、任意に最大3回（本決算月と合わせて年間最大4回まで登録可能））までの数値となります。 ご登録いただいている決算月翌月の10日頃に情報が更新されます。
40,https://faq.nissay.co.jp/faq/show/40?site_domain=default,よくあるご質問 > 法人インターネットサービス > サービスの内容 > 「経理処理情報」照会サービスについて、更新前の情報を見ることはできますか。,「経理処理情報」照会サービスについて、更新前の情報を見ることはできますか。,更新前の情報は閲覧できません。
41,https://faq.nissay.co.jp/faq/show/41?site_domain=default,よくあるご質問 > 法人インターネットサービス > サービスの内容 > 個別の経理処理の相談などはできますか。,個別の経理処理の相談などはできますか。,お客様個別の経理処理などに関するお問合せは当社では回答いたしかねます。 恐れ入りますが、顧問税理士や所轄の国税局、税務署などにご相談いただくようお願いします。 また、当サービスでの経理処理情報は、あくまでも試算数値ですので、数値内容についても、顧問税理士や所轄の国税局、税務署などにご相談していただくようお願いします。
42,https://faq.nissay.co.jp/faq/show/42?site_domain=default,よくあるご質問 > 法人インターネットサービス > サービスの内容 > 「将来受取額情報」はどのような情報ですか。,「将来受取額情報」はどのような情報ですか。,ご加入いただいている契約の将来の解約払戻金の概算額の推移がわかります。 特定の期間をご指定して表示することも可能です。 ※解約払戻金は将来年月日の数値であり将来にわたって保証するものではありません。
43,https://faq.nissay.co.jp/faq/show/43?site_domain=default,よくあるご質問 > 法人インターネットサービス > サービスの内容 > 「将来受取額」照会サービスで、過去の解約返戻金額を見ることはできますか。,「将来受取額」照会サービスで、過去の解約返戻金額を見ることはできますか。,過去の解約払戻金の情報については、ご提供することができません。
44,https://faq.nissay.co.jp/faq/show/44?site_domain=default,よくあるご質問 > 法人インターネットサービス > サービスの内容 > インターネット上で、契約貸付金の返済、保険料の支払いなどの手続きはできますか。,インターネット上で、契約貸付金の返済、保険料の支払いなどの手続きはできますか。,契約貸付金の返済や保険料の支払いなどの入金手続きはご利用いただけません。 お手数ですが、当社ホームページの法人インターネットサービスページにある「お問合せ・相談」よりお申し出ください。 当社より所定の振込用紙を郵送いたします。 お問合せ・ご相談
45,https://faq.nissay.co.jp/faq/show/45?site_domain=default,よくあるご質問 > 法人インターネットサービス > サービスの内容 > 契約貸付金の借入れなどの資金取引において、着金日はいつになりますか。,契約貸付金の借入れなどの資金取引において、着金日はいつになりますか。,平日14時30分までにお手続きをいただければ、当日中（お手続きが土日祝日の場合は翌営業日）に着金します。 但し、取引口座（送金口座）がゆうちょ銀行の場合、お手続き時間に関係なく2営業日後（お手続きが土日祝日の場合は3営業日後）に着金します。 ※お手続きされた時間帯や利用される金融機関によって着金日は異なりますので、以下をご確認ください。 着金日について
46,https://faq.nissay.co.jp/faq/show/46?site_domain=default,よくあるご質問 > 法人インターネットサービス > サービスの内容 > 契約貸付金の借入れなどの資金取引について、取引履歴がわかりますか。,契約貸付金の借入れなどの資金取引について、取引履歴がわかりますか。,「ニッセイ法人インターネットサービス」でご利用いただいた資金取引については履歴照会ができます。 ログイン後の「サービストップ」画面から、「取引履歴照会」を選択してご確認ください。 ※当サービス以外でのお取引の履歴は反映されません。 「ニッセイ法人インターネットサービス」へログイン
47,https://faq.nissay.co.jp/faq/show/47?site_domain=default,よくあるご質問 > 保険金・給付金 > 満期保険金・生存給付金等 > 満期保険金を受取るには、どうしたらいいですか？,満期保険金を受取るには、どうしたらいいですか？,満期日の約１カ月半前までに郵送する「満期のご案内」を確認のうえ、必要書類をご返送ください。 不明点等があれば、ニッセイコールセンター、お客様窓口、または当社職員にご連絡ください。 ※一定の条件を満たす場合、請求手続を省略できることもございます。 詳細に関しましては、送付のご案内をご確認ください。 ニッセイコールセンター お客様窓口
48,https://faq.nissay.co.jp/faq/show/48?site_domain=default,よくあるご質問 > 保険金・給付金 > 満期保険金・生存給付金等 > 満期保険金の据置・受取りについて知りたい,満期保険金の据置・受取りについて知りたい,満期時、受取金額の全部または一部を最長１０年間据置くことができます。 据置金額は、１０万円以上１円単位で取扱可能です。 お客様番号（お客様ID）を発行されているお客様は、据置いた保険金を「ご契約者さま専用サービス」で全額または一部を引出すことができます。 「ご契約者さま専用サービス」へログイン 据置保険金は、当社所定の利息をつけてお預かりします。（利率は、金利水準等により変動することがあります。利率については以下をご参照ください。） 主な諸利率一覧について 保険金を据置いた場合でも、保険金は支払われたことになり、満期支払期日の属する年の課税対象となります。また、据置利息は毎年の雑所得となり、所得税の申告が必要です。 ※当記載は法令等に基づくものであり、将来的に変更される可能性があります。
49,https://faq.nissay.co.jp/faq/show/49?site_domain=default,よくあるご質問 > 保険金・給付金 > 死亡保険金・高度障害保険金等 > 死亡保険金の請求をしたいのですが、どうしたらいいですか？,死亡保険金の請求をしたいのですが、どうしたらいいですか？,心よりお悔やみ申しあげます。 ニッセイコールセンター、お客様窓口、または当社職員にご連絡ください。 ※死亡保険金受取人ご本人からご請求ください。 ※死亡保険金受取人は、契約内容（変更）通知書または保険証券でご確認ください。 ニッセイコールセンター お客様窓口
50,https://faq.nissay.co.jp/faq/show/50?site_domain=default,よくあるご質問 > 保険金・給付金 > その他 > 保険金・給付金などを請求したら、いつ振込まれますか？,保険金・給付金などを請求したら、いつ振込まれますか？,必要な書類やデータが当社に到着した日の翌日から、原則5営業日以内にお手続きを完了いたします。 ※手続書類が不足している場合や、お支払いのための確認等が必要な場合は、更にお時間を要します。また、ご請求いただく内容やご契約の内容によっても、更にお時間を要する場合がございます。 約款に定める期限を超える場合は、所定の利息をつけてお支払いします。 詳細は、以下をご確認ください。 保険金・給付金などをお支払いする際の遅延利息について[159KB]
51,https://faq.nissay.co.jp/faq/show/51?site_domain=default,よくあるご質問 > 保険金・給付金 > 死亡保険金・高度障害保険金等 > 死亡保険金の受取人は誰でもいいのですか？,死亡保険金の受取人は誰でもいいのですか？,死亡保険金の受取人は、保険金をご請求いただく際のお手続内容を踏まえ、原則、配偶者および2親等以内の血族（祖父母、父母、兄弟姉妹、子、孫など）の範囲でご指定ください。 上記以外の方を死亡保険金の受取人に指定する場合は、個別に事情等を確認させていただくとともに、留意点等をお伝えいたします。 また、死亡保険金受取人を変更する場合は、被保険者様のご同意が必要となります。 変更する場合は、ニッセイコールセンター、お客様窓口、または当社職員へご連絡ください。 ニッセイコールセンター お客様窓口 なお、契約者、被保険者、受取人の関係によって、保険金受取時に適用される税金が異なります。 詳細は、以下をご確認ください。 保険金や年金を受取る場合の税金について教えてください。
52,https://faq.nissay.co.jp/faq/show/52?site_domain=default,よくあるご質問 > 保険金・給付金 > 入院・手術給付金等 > 入院・手術の給付金を請求したいのですが、どうしたらいいですか？,入院・手術の給付金を請求したいのですが、どうしたらいいですか？,インターネットまたは書類での請求ができます。 詳細は以下をご確認ください。 入院・手術給付金、生前給付保険金の受取り請求 不明点等があれば、ニッセイコールセンター、お客様窓口、または当社職員にご連絡ください。 ニッセイコールセンター お客様窓口
53,https://faq.nissay.co.jp/faq/show/53?site_domain=default,よくあるご質問 > 保険金・給付金 > 入院・手術給付金等 > 給付金を請求する際、診断書は原本ではなくコピーでも手続きすることができますか？,給付金を請求する際、診断書は原本ではなくコピーでも手続きすることができますか？,原則、診断書の原本をご提出ください。 保険金・給付金をもれなくお受取りいただくために、「当社所定の診断書」の原本をご提出いただいております。 既に当社所定以外の診断書を取寄せ済の場合は、ニッセイコールセンター、お客様窓口、または当社職員にご連絡ください。 ニッセイコールセンター お客様窓口
54,https://faq.nissay.co.jp/faq/show/54?site_domain=default,よくあるご質問 > 保険金・給付金 > 入院・手術給付金等 > 給付金請求書の記入方法を教えてください。,給付金請求書の記入方法を教えてください。,以下の記入例をご確認ください。 「保険金・給付金請求書」記入例 [1.58MB] 「治療内容報告書」（入院総合保険等）記入例 [417KB] 「治療内容報告書」（総合医療保険用）記入例 [284KB] 「入院内容報告書」記入例 [326KB] 「通院内容報告書」記入例 [331KB] 「事故状況報告書」記入例 [235KB] ＜ご参考＞ 入院・手術給付金請求のみの場合は、インターネット請求できる可能性があります。 詳しくは以下をご確認ください。 入院・手術給付金、生前給付保険金の受取り請求
55,https://faq.nissay.co.jp/faq/show/55?site_domain=default,よくあるご質問 > 保険金・給付金 > 入院・手術給付金等 > 日本生命所定以外の診断書で、給付金請求はできますか？,日本生命所定以外の診断書で、給付金請求はできますか？,原則、当社所定の診断書で手続きする必要がありますが、他の生命保険会社あるいは病院発行の診断書を既に取寄せている場合は、一度その診断書をご提出ください。 ※当社の支払判断に必要な情報に不足がある場合は、当社所定の診断書が必要となります。 診断書に代えて、領収証のコピーでも請求可能な場合があります。 また、入院・手術給付金請求のみの場合は、インターネット請求できる可能性がありますので、詳しくは以下をご確認ください。 入院・手術給付金、生前給付保険金の受取り請求
56,https://faq.nissay.co.jp/faq/show/56?site_domain=default,よくあるご質問 > 保険金・給付金 > その他 > 保険金・給付金を受取ることができるか教えてほしい,保険金・給付金を受取ることができるか教えてほしい,保険種類・加入時期・特約等によって、支払事由（受取条件）は異なります。 入院・手術を受けられた場合や、お亡くなりになった場合等のお手続きに関するお問合せは、ニッセイコールセンター、お客様窓口、または当社職員にご連絡ください。 ニッセイコールセンター お客様窓口 メールでのお申し出も可能です。 「ご契約者さま専用サービス」へログイン スマートフォンをご利用の方はこちらへ ＜ご参考＞ 保険金・給付金の受取りに関する詳細は、以下をご参照ください。 保険金・給付金のお受取りについて
57,https://faq.nissay.co.jp/faq/show/57?site_domain=default,よくあるご質問 > 保険金・給付金 > 入院・手術給付金等 > 入院中でも、入院給付金を請求できますか？,入院中でも、入院給付金を請求できますか？,入院中でも、入院給付金の請求が可能です。 ただし、請求の都度、書類等の提出が必要となります。 ＜ご参考＞ 契約内容によりインターネット請求できる可能性があります。 詳しくは以下をご確認ください。 入院・手術給付金、生前給付保険金の受取請求
59,https://faq.nissay.co.jp/faq/show/59?site_domain=default,よくあるご質問 > 保険金・給付金 > 満期保険金・生存給付金等 > 満期保険金はいつ振込まれますか？,満期保険金はいつ振込まれますか？,通常、支払期日から５営業日以内に着金となります。 支払期日が土・日・祝日及び年末年始の当社休業日（１２／３１～１／３）の場合、 また、請求書の提出時期によっては、着金が遅れる場合がございます。
60,https://faq.nissay.co.jp/faq/show/60?site_domain=default,よくあるご質問 > 保険金・給付金 > 入院・手術給付金等 > 給付金請求に必要な書類を教えてください。,給付金請求に必要な書類を教えてください。,当社所定の請求書、診断書などが必要となります。 詳細は以下を確認ください。 お手続きの流れ
61,https://faq.nissay.co.jp/faq/show/61?site_domain=default,よくあるご質問 > 日本生命アプリ > マイナンバー > どのような手続きの時に、マイナンバー（個人番号）を申告するのですか？,どのような手続きの時に、マイナンバー（個人番号）を申告するのですか？,2016年1月以降、死亡保険金や満期保険金、年金、解約払戻金などを受取る際に、申告いただく場合があります。 詳しくは、以下から確認ください。 マイナンバー制度について
62,https://faq.nissay.co.jp/faq/show/62?site_domain=default,よくあるご質問 > 日本生命アプリ > マイナンバー > マイナンバー（個人番号）を申告しないと、保険金等を受取れませんか？,マイナンバー（個人番号）を申告しないと、保険金等を受取れませんか？,マイナンバー（個人番号）を申告しなくても、保険金等を受取ることはできます。 ※ただし、保険会社は支払調書にマイナンバー（個人番号）を記載する義務がございますので、申告へのご理解・ご協力の程、よろしくお願いいたします。
63,https://faq.nissay.co.jp/faq/show/63?site_domain=default,よくあるご質問 > 日本生命アプリ > マイナンバー > マイナンバー（個人番号）の申告は手続きの都度行うのでしょうか？,マイナンバー（個人番号）の申告は手続きの都度行うのでしょうか？,手続きの都度、申告ください。 ※安全管理措置の観点から手続きが完了次第、都度、廃棄する等、十全な措置を講じております。 なお、年金の場合は、年金支払開始時にマイナンバー（個人番号）を申告することで、翌年以降の申告が不要となります。
64,https://faq.nissay.co.jp/faq/show/64?site_domain=default,よくあるご質問 > 日本生命アプリ > マイナンバー > 通知カード・マイナンバーカード（個人番号カード）は本人確認書類として利用で...,通知カード・マイナンバーカード（個人番号カード）は本人確認書類として利用できますか？,通知カードは、本人確認書類として利用できません。 ※マイナンバーカード（個人番号カード(表面)）は、本人確認書類として利用できます。 詳しくは、以下から確認ください。 本人確認書類のご案内
65,https://faq.nissay.co.jp/faq/show/65?site_domain=default,よくあるご質問 > 日本生命アプリ > マイナンバー > 年間の支払額が20万円を超える年金の場合、毎年マイナンバー（個人番号）を申...,年間の支払額が20万円を超える年金の場合、毎年マイナンバー（個人番号）を申告するのですか？,毎年継続的に支払われる年金の場合は、マイナンバー（個人番号）を一度申告すれば、翌年以降の申告は不要です。 なお、別の契約での支払いや、別の手続きを行う場合には、改めてマイナンバー（個人番号）を申告する必要があります。
66,https://faq.nissay.co.jp/faq/show/66?site_domain=default,よくあるご質問 > 保険金・給付金 > 入院・手術給付金等 > 診断書が必要な場合、どうしたらいいですか？,診断書が必要な場合、どうしたらいいですか？,すぐに必要な場合には、以下から印刷が可能です。 入院・手術・3大疾病等診断書（証明書） [2.12MB] ただし、保険種類・加入時期・特約等によって、診断書を取寄せることなく、領収書での手続きが可能な場合があります。 詳細は、ニッセイコールセンター、お客様窓口、または当社職員にご連絡ください。 ニッセイコールセンター お客様窓口 ＜ご参考＞ 入院・手術給付金請求のみの場合は、インターネット請求できる可能性があります。 詳しくは以下をご確認ください。 入院・手術給付金、生前給付保険金の受取り請求
68,https://faq.nissay.co.jp/faq/show/68?site_domain=default,よくあるご質問 > 保険料のお払込み > 保険料全般 > 毎月の保険料の確認方法を教えてください。,毎月の保険料の確認方法を教えてください。,お客様番号(お客様ID)を発行しているお客様は、「ご契約者さま専用サービス」から確認できます。 ログイン後、「ご契約内容の確認」から、確認ください。 「ご契約者さま専用サービス」へログイン お客様番号(お客様ID)を発行していないお客様は、ニッセイコールセンター、お客様窓口、または当社職員にご連絡ください。 また、当社から年1回郵送する「ご契約内容のお知らせ」でもご確認できます。 ニッセイコールセンター お客様窓口
69,https://faq.nissay.co.jp/faq/show/69?site_domain=default,よくあるご質問 > 保険料のお払込み > お払込みの失念・遅延 > 保険料振替日に振替口座の預金残高が足りませんでした。どうすればよいですか？,保険料振替日に振替口座の預金残高が足りませんでした。どうすればよいですか？,以下を参照し、振替日の前営業日までに振替予定金額を準備ください。 　　※振替日は毎月27日（一部の契約は12日）で、休日の場合は翌営業日です。 月払契約の場合 平成24年4月1日以前にご加入の契約 当月分が残高不足で振替えできなかった場合は、翌月に2カ月分の保険料を口座から振替えます。 平成24年4月2日以降にご加入の契約 当月分が残高不足で振替えできなかった場合は、翌月に2カ月分の保険料を口座から振替えます。翌月の振替えで1カ月分の保険料も振替えができなかった場合は、更にその翌月に3カ月分の保険料を口座から振替えます。 年払・半年払契約の場合 平成24年4月1日以前にご加入の契約 残高不足で振替えできなかった場合は、翌月に保険料を口座から振替えます。 平成24年4月2日以降にご加入の契約（年払のみ） 残高不足で振替えできなかった場合は、翌月に保険料を口座から振替えます。翌月も保険料の振替えができなかった場合は、更にその翌月に保険料を口座から振替えます。 上記以外の保険料の支払方法については、以下より確認ください。 保険料を支払うには、どのような方法がありますか？
70,https://faq.nissay.co.jp/faq/show/70?site_domain=default,よくあるご質問 > 保険料のお払込み > お払込みの失念・遅延 > 保険料を支払えない場合、契約はどうなりますか？,保険料を支払えない場合、契約はどうなりますか？,加入時期によって異なります。 【平成24年4月1日以前にご加入の契約】 払込猶予期間を過ぎても保険料の払込みがない場合、ご契約は効力を失います。このことを『失効』といいます。 払込猶予期間が経過した場合、「自動振替貸付制度」が適用されることがあります。 ＜払込猶予期間＞ 年払・半年払の場合 払込期月の翌月1日から翌々月の月ごと応当日までです。 月払の場合 払込期月の翌月1日から末日までです。 ※変額保険の場合は払方に関わらず払込期月の翌月1日から末日までです。 ＜自動振替貸付制度＞ 解約払戻金がある契約について、払込猶予期間が過ぎても保険料の払込みがない場合に、保険料を自動的に立替える制度です。 詳細は、ニッセイコールセンター、お客様窓口、または当社職員にお問合せください。 ニッセイコールセンター お客様窓口 【平成24年4月2日以降にご加入の契約】 解除予告期間中に保険料の払込みがない場合、解除予定日をもって契約が解除になります。 ＜解除予告期間＞ 払込期月の経過3カ月目の月ごと応当日の前日までです。 ※解除になった場合はご契約自体が消滅するため、有効な状態に戻すことはできません。 ※解約払戻金がある場合は、原則自動送金されます。その際、払込みされていない保険料がある場合は、解約返戻金から差引いたうえで送金されます。 詳細は、ニッセイコールセンター、お客様窓口、または当社職員にお問合せください。 ニッセイコールセンター お客様窓口
71,https://faq.nissay.co.jp/faq/show/71?site_domain=default,よくあるご質問 > 保険料のお払込み > 払込方法・変更 > 保険料を支払うには、どのような方法がありますか？,保険料を支払うには、どのような方法がありますか？,保険料の払込方法としては以下の方法があります。（ご契約の内容によっては取扱いのない方法もあります。） ・口座振替扱 銀行等の口座から、自動的に保険料が振替えられます。 ・団体扱（給与引去り） お客様の勤務先が当社と「団体扱（給与引去り）」の取扱契約を結んでいる場合には、給与からの引去りができます。 ・振込扱 当社が送付する払込用紙を使って、指定の金融機関等で保険料の払込みができます。 ・クレジットカード扱 クレジットカードで、保険料の払込みができます。 また、「ご契約者さま専用サービス」からコンビニエンスストア・ネットバンキングサービス・ペイジーにてお払込みいただけます。 ※現在、ホームページを経由してクレジットカードにてお払込みいただく取扱いを停止しております。 詳細は「インターネットで保険料等をお払込みいただく取扱いの一部再開について」をご参照ください。 ※現在ご指定いただいている払込方法（経路）は変更されませんので、ご注意ください。 現在ご指定いただいている払込方法（経路）の変更についてはこちら 「ご契約者さま専用サービス」へログイン ご不明点がございましたら、ニッセイコールセンターまたはお客様窓口にお問合せください。 ニッセイコールセンター お客様窓口
72,https://faq.nissay.co.jp/faq/show/72?site_domain=default,よくあるご質問 > 保険料のお払込み > 払込方法・変更 > 月払と年払では、違いはありますか？,月払と年払では、違いはありますか？,保険料を月々の払込みとするよりも、年払の方が保険料が安くなる場合があります。 また、払込猶予期間など、保険料以外でも月払と年払で異なる点があります。 詳細については、ニッセイコールセンター、お客様窓口、または当社職員にお問合せください。 ニッセイコールセンター お客様窓口
73,https://faq.nissay.co.jp/faq/show/73?site_domain=default,よくあるご質問 > 保険料のお払込み > 払込方法・変更 > 保険料の支払方法（月払・年払・半年払）を変更できますか？,保険料の支払方法（月払・年払・半年払）を変更できますか？,次の契約応当日（半年払契約は半年ごと応当日）から相互に変更することができます。 なお、「半年払」は平成24年4月1日以前にご加入の契約のみのお取扱いとなります。 年払（半年払）は月払に比べ、保険料が安くなる場合があります。 変更開始年月の前月までに、保険料の払込みが必要な場合があります。 ※平成24年4月1日以前にご加入の契約は、払込方法によっては払込猶予期間など、異なる点があります。 保険料の払込方法の変更の詳細については、ニッセイコールセンター、お客様窓口、または当社職員にお問合せください。 ニッセイコールセンター お客様窓口
74,https://faq.nissay.co.jp/faq/show/74?site_domain=default,よくあるご質問 > 保険料のお払込み > 払込方法・変更 > 保険料の支払方法を、会社経由の支払い（給与引去り）に変更できますか？,保険料の支払方法を、会社経由の支払い（給与引去り）に変更できますか？,保険料を会社経由で払込みいただく（給与からの引去り）には、お客様の勤務先が当社と 「団体扱（給与引去り）」の取扱契約を結んでいることが必要です。 詳しくは、ニッセイコールセンター、お客様窓口、または当社職員にお問合せください。 ニッセイコールセンター お客様窓口
75,https://faq.nissay.co.jp/faq/show/75?site_domain=default,よくあるご質問 > 保険料のお払込み > 払込方法・変更 > 保険料の払込方法（経路）を変更したい。,保険料の払込方法（経路）を変更したい。,以下の方法でお手続きいただけます。 　・口座振替扱への変更 　　　「ご契約者さま専用サービス」にログイン後、お客様ご自身で変更していただけます。 「ご契約者さま専用サービス」へログイン 【ご留意点】 振替日は毎月２７日（土・日・祝日の場合は翌営業日）となります。 口座名義人は、契約者様本人名義の口座をご指定ください。 一部、ご利用になれない金融機関、ご契約があります。 団体扱（給与引去り）から口座振替扱に変更する場合、保険料が高くなる可能性があります。 お手続きいただいた時点での変更となるため、変更月はご指定いただけません。 　・団体扱（給与引去り）への変更 　　　当社ホームページでのお手続きはできません。 　　　お客様窓口、または当社職員による訪問でのみお手続きいただけます。 　　　詳しくは、ニッセイコールセンター、お客様窓口、または当社職員にご連絡ください。 お客様窓口 ニッセイコールセンター 　・振込扱への変更 　　　当社ホームページでのお手続きはできません。 　　　詳しくは、ニッセイコールセンター、お客様窓口、または当社職員にご連絡ください。 お客様窓口 ニッセイコールセンター 　・クレジットカード扱への変更 「ご契約者さま専用サービス」にログイン後、お客様ご自身で変更していただけます。 「ご契約者さま専用サービス」へログイン 【ご留意点】 クレジットカードの有効性等を確認し、カード会社に請求した日（※）が請求月当月分の保険料の領収日となります。 ※毎月２５日（日・祝日の場合は直前の土曜日または営業日）の２営業日前 当社がクレジットカードの有効性等を確認できなかった場合、（保険料）クレジットカード扱特約は消滅します。 必ず、ご契約者本人名義のカードをご利用ください。 ※改姓・改名されている場合、当社へご登録いただいている契約者名と同一名義のカードに限ります。 学資保険や変額保険、平成２０年１月３日以前の契約等、保険商品・契約日によっては一部取扱できない契約があります。 団体扱（給与引去り）からクレジットカード扱に変更する場合、保険料が高くなる可能性があります。 お手続きいただいた時点での変更となるため、変更月はご指定いただけません。
76,https://faq.nissay.co.jp/faq/show/76?site_domain=default,よくあるご質問 > 保険料のお払込み > 払込方法・変更 > 保険料振替口座を変更したい。,保険料振替口座を変更したい。,保険料振替口座の変更方法は以下のとおりです。 ※保険料振替口座とは、お客様が保険料を支払うための振替口座です。 お客様が配当金や契約貸付金等の資金や、生前保険金等を受取るための取引口座（送金口座）とは異なります。 取引口座（送金口座）の変更方法はこちら 　・ご契約者さま専用サービス 　　　「ご契約者さま専用サービス」にログイン後、お客様ご自身で変更していただけます。 「ご契約者さま専用サービス」へログイン 　・ニッセイコールセンター 　　　ご連絡いただいた後、手続書類を郵送します。 ニッセイコールセンター 　・お客様窓口、または当社職員 　　　お客様窓口、または当社職員にお問合せください。 お客様窓口 【ご留意点】 振替日は毎月２７日（土・日・祝日の場合は翌営業日）となります。 口座名義人は、契約者様本人名義の口座をご指定ください。 一部、ご利用になれない金融機関、ご契約があります。
77,https://faq.nissay.co.jp/faq/show/77?site_domain=default,よくあるご質問 > 保険料のお払込み > 保険料全般 > 保険料を将来の分もまとめて支払うことはできますか？,保険料を将来の分もまとめて支払うことはできますか？,保険料を将来の分もまとめて、払込みいただけます。 保険料をまとめて払込みいただく場合は保険料の割引があります。 　　※ただし、契約内容によっては、一部割引ができない場合があります。 詳しくは、ニッセイコールセンター、お客様窓口、または当社職員にお問合せください。 ニッセイコールセンター お客様窓口
78,https://faq.nissay.co.jp/faq/show/78?site_domain=default,よくあるご質問 > 保険料のお払込み > 保険料全般 > 保険料の支払いが難しい。契約を継続できますか？,保険料の支払いが難しい。契約を継続できますか？,契約の継続には以下4つの方法があります。(契約によって取扱えない場合もあります。) ①保障額を少なくして、保険料の金額を少なくする方法 ②保障額の少ない保険に変更して、保険料の払込みをなくす方法 ③当社が保険料を自動的に立替えする方法 ④契約貸付を利用し、貸付金を保険料に充てる方法 詳しくは、ニッセイコールセンター、お客様窓口、または当社職員に連絡ください。 ニッセイコールセンター お客様窓口
79,https://faq.nissay.co.jp/faq/show/79?site_domain=default,よくあるご質問 > 保険料のお払込み > 保険料全般 > 保険料はいつまでに支払えばいいですか？,保険料はいつまでに支払えばいいですか？,【平成24年4月1日以前にご加入の契約】 保険料は保険料払込期月内にお払込みいただくのが原則ですが、払込方法によって「払込猶予期間」が定められています。 払込猶予期間 年払、半年払の場合・・・・払込期月の翌月1日から翌々月の月ごと応当日までです。 月払の場合・・・・・・・・払込期月の翌月1日から末日までです。 ※変額保険の場合は、払込方法にかかわらず払込期月の翌月1日から末日までです。 払込猶予期間が経過した場合、ご契約の種類・継続年数によっては「自動振替貸付」が適用されることがあります。その適用がない場合、ご契約の効力は失われてしまいます。 【平成24年4月2日以降にご加入の契約】 保険料は払込期月内にお払込みいただくのが原則ですが、払込期月内に払込みがない場合には払込みを促すとともに、その後一定期間の経過をもって契約を解除することとしております。 契約が解除になる前にお払込みください。 解除の取扱い 払込期月の経過後3カ月目の月ごと応当日が解除予定日になります。 解除になった場合、契約自体が消滅するため有効な状態に戻すことはできず、保障をご希望の際は再度のお申込みが必要になりますのでご注意ください。
80,https://faq.nissay.co.jp/faq/show/80?site_domain=default,よくあるご質問 > 保険料のお払込み > 保険料全般 > 保険料を振込みました。領収証は届きますか？,保険料を振込みました。領収証は届きますか？,金融機関で振込みいただいた際の受領証が領収証となります。別途領収証は発行しておりません。 Pay-easy（ペイジ－）で振込みいただく場合は、通帳やインターネットバンキングの取引明細等で確認ください。
82,https://faq.nissay.co.jp/faq/show/82?site_domain=default,よくあるご質問 > 保険料のお払込み > 保険料全般 > 特約保険料を月払で支払うことはできますか？,特約保険料を月払で支払うことはできますか？,特約保険料に月払の取扱いはありません。ご了承ください。 年払、または前納で払込みください。
84,https://faq.nissay.co.jp/faq/show/84?site_domain=default,よくあるご質問 > 保険料のお払込み > 保険料全般 > 主契約の保険料払込満了後の、特約保険料の支払いについて教えてください。,主契約の保険料払込満了後の、特約保険料の支払いについて教えてください。,特約を継続される場合、保険料の払込みが必要です。払込方法は年払、もしくは前納となります。 詳細は、ニッセイコールセンター、お客様窓口、または当社職員にお問合せください。 ニッセイコールセンター お客様窓口
85,https://faq.nissay.co.jp/faq/show/85?site_domain=default,よくあるご質問 > 保険料のお払込み > 保険料全般 > 先日解約をしたのですが、保険料が口座から引落とされました。返金されますか？,先日解約をしたのですが、保険料が口座から引落とされました。返金されますか？,お手続きのタイミングによっては、一度引落とされ、後日返金となる場合があります。 詳細は、お客様のご契約の状態を確認したうえで回答します。 ニッセイコールセンター、お客様窓口、または当社職員にお問合せください。 ニッセイコールセンター お客様窓口
86,https://faq.nissay.co.jp/faq/show/86?site_domain=default,よくあるご質問 > 保険料のお払込み > お払込みの失念・遅延 > 保険料の立替通知が届きました。なぜですか？,保険料の立替通知が届きました。なぜですか？,払込猶予期間を過ぎても保険料の払込みがない場合に、解約払戻金のあるご契約について は、自動的に立替えを行っております。（自動振替貸付制度といいます。） 立替通知では、自動振替貸付制度が適用されたこと、および立替期間と立替保険料をお知らせしています。 なお、お立替した保険料には、所定の利息がつきます。 ※自動振替貸付制度は、平成24年4月1日以前にご加入のご契約のみのお取扱いとなります。
87,https://faq.nissay.co.jp/faq/show/87?site_domain=default,よくあるご質問 > 海外からのお手続き > 海外渡航時のお手続き > 加入している保険は、海外渡航中でも保障されますか？,加入している保険は、海外渡航中でも保障されますか？,国内と同じように、ご契約の約款に基づいて保障します。 ※ただし、入院・手術給付金等の場合は、入院先が『日本国内の病院または患者を入院させるための施設を有する診療所と同等の日本国外にある医療施設』に限ります。
88,https://faq.nissay.co.jp/faq/show/88?site_domain=default,よくあるご質問 > 海外からのお手続き > 海外渡航時のお手続き > 海外渡航中に入院・手術をした場合、給付金等を請求するにはどうすればいいですか？,海外渡航中に入院・手術をした場合、給付金等を請求するにはどうすればいいですか？,海外渡航中に入院や手術をした場合、以下の3つの方法で請求できます。 なお、原則、当社所定の海外用診断書を取寄せる必要があります。 （1）海外から直接ご請求いただく方法 海外から請求書類を郵送する方法です。 ※次の場合には、傷病者が海外渡航中であっても、請求権者が日本国内在住であれば、国内における請求方法と同じになります。（「入院・手術等診断書（証明書）」は海外用をご使用ください。） 傷病者 請求権者 未成年の被保険者 親権者 家族型の特約で保障の対象となるご家族 主契約の被保険者 「こどもの保険」の被保険者 契約者 昭和51年3月2日以降にご加入の契約で契約者、満期保険金受取人、死亡保険金受取人がすべて法人の場合の被保険者 契約者 ■海外から直接ご請求いただく場合の必要書類 （医療保障保険は必要書類が異なることがありますので、当社までご連絡ください。） 必要書類 ご留意点 保険金・給付金請求書 [379KB] 請求人記入欄は「お客様情報取扱説明書」の記載内容にご同意のうえ、請求人（給付金の受取人）ご自身でご記入ください。 給付金は請求人ご指定の金融機関口座へお振込みいたします。 ただし、請求人名義の口座がない場合は、請求人の配偶者（同一戸籍の方に限ります。）または3親等内の同居のご親族の口座でも可能です。また請求書には、請求人の印を押印してください。 入院・手術等診断書（証明書）[1.89MB] 当社所定の入院・手術等診断書（証明書）[1.89MB]をご提出ください。 また、英語にてご記入いただくようお客さまから医師へご依頼ください。 事故状況報告書[493KB] 不慮の事故の場合にご提出ください。 交通事故証明書あるいは新聞記事 警察などの公的機関が発行するものをご提出ください。ただし、お取寄せが困難な場合は、勤務先の休業・事故証明書でも可能です。 送金先指定書（海外銀行・海外口座用）[596KB] 原則、日本国内の送金先をご指定ください。 ただし、ご事情により海外銀行・海外口座への送金をご希望の場合は、上記書類に加えて当書類をご提出ください。 なお、海外送金にかかる了解事項についてご確認のうえ必ず請求人ご自身でご記入ください。 ※家族型特約にご加入で、ご家族分の給付金をご請求の場合は、主契約の被保険者（給付金の受取人）と当該ご家族との続柄が判明する戸籍抄（謄）本または住民票もご提出ください。 ※被保険者（給付金の受取人）が未成年の場合は、親権者からご請求いただくことになりますので、親権者の判明する戸籍抄（謄）本または住民票もご提出ください。 ※次の場合は、請求人は契約者となります。 ・「こどもの保険」のご請求の場合 ・昭和51年3月2日以降にご加入いただいた契約で、契約者、満期保険受取人、死亡保険金受取人がすべて法人の場合 ※ご提出いただいた書類や診断書に不明な点がある場合は、被保険者を診療した医師への照会等、詳細な事実の確認をさせていただく場合がありますのでご了承ください。 ※場合により上記以外の書類の提出をお願いすることがありますので、あらかじめご了承ください。 ■書類郵送先 〒541-8501 大阪市中央区今橋3丁目5番12号 日本生命保険相互会社　お客様サービス部 （2）日本国内在住の代理人から請求する方法 日本国内の親族（3親等内）を代理人として指定し、その代理人が請求する方法です。 代理人から請求する場合は、事前に当社までご連絡ください。 （3）帰国後に請求する方法 帰国後に請求書類を郵送する方法です。海外入院先の入院・手術等診断書（証明書）などが必要になりますので、事前に当社までご連絡ください。 海外からのお問合せ先
89,https://faq.nissay.co.jp/faq/show/89?site_domain=default,よくあるご質問 > 海外からのお手続き > 海外渡航時のお手続き > 海外から保険に加入できますか？,海外から保険に加入できますか？,申し訳ありませんが、海外渡航中の保険加入はお取扱いできません。 また、渡航前であっても、渡航後に日本国内での連絡先の指定ができない等のご事情があれば、お取扱いできない場合もございます。
90,https://faq.nissay.co.jp/faq/show/90?site_domain=default,よくあるご質問 > 海外からのお手続き > 海外渡航時のお手続き > 海外に渡航する場合、必要な手続きはありますか？,海外に渡航する場合、必要な手続きはありますか？,契約者様の海外渡航に際しては、以下のお手続きをお願いいたします。 ①「海外渡航通知書」のご提出 ②「取引に関する届出書（個人のお客様向け）」のご提出※ ③【米国に渡航された方のみ】「情報提供同意書兼納税者番号・宣誓依頼書」のご提出※ ④「ご契約者さま専用サービス」をご利用になるための暗証番号（パスワード）のご登録 ⑤メールアドレスのご登録 ※該当する場合のみ 詳細は 海外渡航するとき をご確認ください。 以下もあわせてご確認ください。 暗証番号（パスワード）とは何ですか？ 「ご契約者さま専用サービス」で利用可能な手続き
91,https://faq.nissay.co.jp/faq/show/91?site_domain=default,よくあるご質問 > 海外からのお手続き > 海外渡航時のお手続き > 海外から連絡や手続きをする場合、どこへ連絡するのでしょうか？,海外から連絡や手続きをする場合、どこへ連絡するのでしょうか？,以下の、「海外からのお問合わせ先」から連絡先をご確認ください。 海外からのお問合せ先
92,https://faq.nissay.co.jp/faq/show/92?site_domain=default,よくあるご質問 > 海外からのお手続き > 海外渡航時のお手続き > 海外渡航をしますが、今後の保険料の支払いは、どうすればいいですか？,海外渡航をしますが、今後の保険料の支払いは、どうすればいいですか？,以下①～⑤の場合は手続きが必要となりますので、お客様窓口、または当社職員に連絡ください。 お客様窓口 ①口座振替扱のご契約で、渡航後は口座からの保険料振替ができなくなる場合 ②クレジットカード扱のご契約で、渡航後はクレジットカードによる保険料の払込みができなくなる場合 ③団体扱のご契約で、海外赴任後は勤務先での保険料の給与控除ができなくなる場合 ④親族などを代理払込人として指定し、海外渡航中の保険料は代理払込人が払込む場合 ⑤保険料を前納または一括払などにより、まとめて払込む場合 ※保険料の払込みを中止し、契約を継続する方法（払済保険）への変更も可能です。 ※渡航先や国内連絡先等に変更が生じた場合も連絡ください。
93,https://faq.nissay.co.jp/faq/show/93?site_domain=default,よくあるご質問 > 海外からのお手続き > 海外渡航時のお手続き > 海外に日本生命からの通知や案内を送ってもらえますか？,海外に日本生命からの通知や案内を送ってもらえますか？,海外渡航中の当社からの諸通知は、国内連絡先の代理人宛に送付いたします。また、以下の通知は海外へ直接送付することもできます。 【渡航先へ直接送付することができる通知】 ご契約内容のお知らせ　※1 満期保険金・年金のご請求案内 生存給付金・特約健康祝金、入学祝金のご請求案内 保険料お立替のお知らせ ご契約の失効のお知らせ 保険料未払込みのお知らせ ご契約解除のお知らせ 更新のご案内 なお、渡航先へ送付した通知が不着等で返送された場合、不着時以降の通知物は国内連絡先住所に送付いたします。 ※1郵送に代えて「Web通知」でお受取りできます。 「Web通知」とは、郵送に代えて内容確認の案内メールを送付し、「ご契約者さま専用サービス」にて最新の内容をご確認いただけます。 渡航先によっては、通知物が不着となったり、到着までにお時間を要する場合があるため、「Web通知」受取をおすすめしています。 詳細は、こちらをご確認ください。
94,https://faq.nissay.co.jp/faq/show/94?site_domain=default,よくあるご質問 > 海外からのお手続き > 海外渡航時のお手続き > 海外渡航中に、保険を解約したい場合、どうすればいいですか？,海外渡航中に、保険を解約したい場合、どうすればいいですか？,請求書を海外住所宛てに送付しますので、当社まで連絡ください。 海外からのお問合せ先 請求書到着後、必要書類とあわせて、当社に郵送ください。 【必要書類と留意点】 ①請求書 請求書は、契約者ご本人が記入ください。 取引口座（送金口座）以外へ送金する場合は、「送金先・送付先指定書」に国内の契約者名義の口座を記入ください。 ※契約者名義の口座がない場合は、配偶者または３親等内の親族名義の口座でも可能です。 ②パスポートのコピー 旅券番号記載ページと所持人自署ページをコピーください。 【書類郵送先】 〒541-8501 大阪市中央区今橋3丁目5番12号 日本生命保険相互会社 お客様サービス部
95,https://faq.nissay.co.jp/faq/show/95?site_domain=default,よくあるご質問 > 海外からのお手続き > 海外渡航時のお手続き > 海外渡航中に、満期保険金や生存給付金等を請求する場合、どうすればいいですか...,海外渡航中に、満期保険金や生存給付金等を請求する場合、どうすればいいですか？（満期保険金、据置保険金、生存給付金、特約健康祝金、入学祝金、据置生存給付金の場合）,"以下の方法で請求が可能です。 （１）海外から直接請求する方法 当社から届いた請求書を、海外から直接郵送することで、満期保険金等の請求が可能です。 請求書到着後、必要書類とあわせて、当社に郵送してください。 ※満期保険金、生存給付金・特約健康祝金、入学祝金、保険金据置期間満了については、満期日（または支払期日）の20日前頃までに、当社から請求書を「海外渡航通知書」[663KB]で指定した住所へ送付します。 ※万一届かない場合は、当社までご連絡ください。 海外からのお問合せ先 【必要書類と留意点】 ①請求書 請求書は契約者ご本人が記入し、国内の契約者名義の口座を指定してください。 ※契約者名義の口座がない場合は、配偶者または３親等内の親族名義の口座でも可能です。 ※満期保険金請求は、「契約者」を「満期保険金受取人」と読替えてください。 ②パスポートのコピー 旅券番号記載ページと所持人自署ページのコピーをご提出ください。 ※満期保険金請求で、満期保険金額1,000万円超かつ満期保険金受取人と死亡保険金受取人が異なる場合のみ、被保険者のパスポートコピー（旅券番号記載ページと所持人自署ページ）も必要となります。 （２）日本国内在住の代理人から請求する方法 日本国内の親族（3親等内）を代理人として指定し、その代理人が請求する方法です。代理人から請求する場合は、委任状が必要になりますので、事前に当社までご連絡ください。 海外からのお問合せ先"
96,https://faq.nissay.co.jp/faq/show/96?site_domain=default,よくあるご質問 > 海外からのお手続き > 海外渡航時のお手続き > 被保険者が海外滞在中に死亡しました。保険金請求はどうすればいいですか？,被保険者が海外滞在中に死亡しました。保険金請求はどうすればいいですか？,死亡保険金の請求方法については、受取人様より、ニッセイコールセンター、お客様窓口、または当社職員に連絡ください。海外死亡での請求については、お支払いまでに相当のお時間を要する場合がございますので、お含み置きください。 【必要書類】 ①請求書 ②受取人の本人確認書類 ※本人確認書類のご案内を参照ください。 ③現地（渡航先）の医師が交付する死亡診断書（原本） ※翻訳文があれば併せて添付ください。 ④死亡の記載がある被保険者の戸籍謄（抄）本、または住民票（コピーで可） ＜災害死亡かつ災害割増特約・新傷害特約など災害死亡保障が付加されている場合は以下書類も必要＞ ⑤不慮の事故によることが証明できる新聞記事 交通事故の場合には、警察などの公的機関が発行する交通事故証明書 （取寄せが困難な場合は、勤務先の証明書で可）
97,https://faq.nissay.co.jp/faq/show/97?site_domain=default,よくあるご質問 > 海外からのお手続き > 海外渡航時のお手続き > 被保険者が海外渡航中に身体障がい状態となった場合、保険金・給付金の請求はど...,被保険者が海外渡航中に身体障がい状態となった場合、保険金・給付金の請求はどうすればいいですか？〈高度障がい保険金・障がい給付金の場合〉,海外渡航中の高度障がい保険金や給付金の請求については、帰国後に請求する必要があります。 帰国前の取寄せが必要な書類もあります。 詳しくは、以下のお問合せ先に連絡ください。 海外からのお問合せ先
98,https://faq.nissay.co.jp/faq/show/98?site_domain=default,よくあるご質問 > 海外からのお手続き > 海外渡航時のお手続き > 海外口座に送金してもらえますか？,海外口座に送金してもらえますか？,海外からの請求で日本国内口座への送金ができない場合は、以下の範囲で海外送金が可能ですので、請求書記入時に指定ください。 ただし、帰国後の請求、日本国内在住の代理人からの請求がいずれもできない場合に限ります。また、在住国の法規制などにより取扱いできない場合があります。 (1)対象範囲 満期保険金、据置保険金、生存給付金・特約健康祝金、入学祝金、据置生存給付金、入院・手術給付金、解約払戻金、契約貸付金、積立配当金引出し (2)送金方法 海外の請求人名義の銀行口座へ電信扱により円貨建で送金します。 ただし、通常、受取口座への入金は在住国の現地通貨で行われます。 この場合、円貨から外貨への交換は在住国の銀行が作用するレートで行われます。 (3)取扱金額 支払額が5万円～500万円の範囲で取扱います。 (4)送金経費 送金経費は請求人負担となります。 （実際の送金額は、送金経費を差引いた金額となります。） ※当社が請求を受けてから、受取口座への入金まで、日数を要します。
99,https://faq.nissay.co.jp/faq/show/99?site_domain=default,よくあるご質問 > 海外からのお手続き > 海外渡航時のお手続き > 米国へ渡航する際どんな手続きが必要ですか？,米国へ渡航する際どんな手続きが必要ですか？,以下のすべてに該当されるご契約者は、FATCAに関するご案内[1.54MB]をご確認いただき、渡航後9か月以内に情報提供同意書 兼 納税者番号・宣誓依頼書[320KB]を当社に郵送してください。 加入されているご契約の契約日がH26.7.1以降 米国へ渡航 米国居住者（滞在日数が183日以上） ※送付先は、よくあるご質問「海外からの連絡や請求は、どこにすればいいのですか？」をご参照ください 「情報提供同意書 兼 納税者番号・宣誓依頼書」はFATCA（外国口座税務コンプライアンス法）に基づき提出が必要となる書類です。 ※FATCAは、米国納税義務者による米国外の金融口座等を利用した租税回避の防止を目的とした米国の法律です。 ※お客様が所定の米国納税義務者であるかを確認し、該当する場合は、米国内国歳入庁宛にご契約情報等の報告を行います。 ※提出がない場合は、米国内国歳入庁の要請に基づき、ご契約情報等を日米当局間で交換することとされています。 ※詳しくは、よくあるご質問「ＦＡＴＣＡについて」をご参照ください
101,https://faq.nissay.co.jp/faq/show/101?site_domain=default,よくあるご質問 > 保険加入のご検討 > 保障見直し・告知・その他制度 > 責任開始期はいつからですか？,責任開始期はいつからですか？,保険加入のお申込みに対して、これを保険会社が認めることを承諾といい、保険会社が契約上の責任（保険金・給付金のお支払いなど）を開始する時期を責任開始期といいます。 ご契約上の責任が開始されるためには、保険会社の承諾が前提となりますが、会社がお申込みを承諾した場合、責任開始期は、単にお申込書が提出されたときではなく、お申込み、告知（診査）が完了したときになります。 なお、保険会社がご契約上の責任を開始する日を責任開始日といいます。
102,https://faq.nissay.co.jp/faq/show/102?site_domain=default,よくあるご質問 > 保険加入のご検討 > 保障見直し・告知・その他制度 > 保障の見直しはいつすればいいですか？,保障の見直しはいつすればいいですか？,一般的に就職、結婚、住宅の購入、退職（老後）などの人生のイベントにより、必要とされる保障は変化します。 お気軽にニッセイコールセンター、最寄りのお客様窓口、またはニッセイトータルパートナーにご相談ください。 人生のイベントでニッセイの商品を選ぶ 保険に関するご相談 ニッセイコールセンター 窓口を検索する
103,https://faq.nissay.co.jp/faq/show/103?site_domain=default,よくあるご質問 > 保険加入のご検討 > 保障見直し・告知・その他制度 > 指定代理請求制度とは何ですか？,指定代理請求制度とは何ですか？,受取人が保険金などを請求できない所定の事情があるときに、受取人に代わり指定代理請求人が請求することができる制度です。 詳しくは、以下を確認ください。 保険金などの請求に関する特則について
104,https://faq.nissay.co.jp/faq/show/104?site_domain=default,よくあるご質問 > 保険加入のご検討 > 保障見直し・告知・その他制度 > 新契約の申込手続の途中で、内容を変更したい場合はどうしたらいいですか？,新契約の申込手続の途中で、内容を変更したい場合はどうしたらいいですか？,恐れ入りますが、新契約の申込手続途中で内容をご変更される場合は、早急に当社職員へご連絡ください。
105,https://faq.nissay.co.jp/faq/show/105?site_domain=default,よくあるご質問 > 保険加入のご検討 > 保障見直し・告知・その他制度 > 保険加入を検討したい。,保険加入を検討したい。,お客様のライフステージや希望の保障に応じた最適なプランを案内しますので、 ニッセイコールセンター、お客様窓口、または当社職員に連絡ください。 ニッセイコールセンター お客様窓口
107,https://faq.nissay.co.jp/faq/show/107?site_domain=default,よくあるご質問 > 保険加入のご検討 > 保障見直し・告知・その他制度 > 資料請求をするには、どうしたらいいですか？,資料請求をするには、どうしたらいいですか？,以下から資料請求ができます。 資料請求
108,https://faq.nissay.co.jp/faq/show/108?site_domain=default,よくあるご質問 > 保険加入のご検討 > 保障見直し・告知・その他制度 > 告知義務違反による解除について教えてください。,告知義務違反による解除について教えてください。,健康状態などを正しく「告知」していない場合、事実確認を行い、ご契約の全部または一部を「解除」することがあります。 詳しくは、以下を確認ください。 告知義務違反による解除について 平成24年4月2日以降の商品に加入されているお客様用[237KB] 平成24年4月1日以前の商品に加入されているお客様用[52KB]
109,https://faq.nissay.co.jp/faq/show/109?site_domain=default,よくあるご質問 > 保険加入のご検討 > 保険種類 > 日本生命はどのような保険を取扱っているのですか？,日本生命はどのような保険を取扱っているのですか？,以下にお取扱いしている商品の一覧を掲載しておりますのでご覧ください。 商品一覧
110,https://faq.nissay.co.jp/faq/show/110?site_domain=default,よくあるご質問 > 保険加入のご検討 > 保障見直し・告知・その他制度 > 過去に給付金を受取っているが、新たに保険の加入はできますか？,過去に給付金を受取っているが、新たに保険の加入はできますか？,過去に給付金を受取られている場合、新たにご加入される際は、ご契約をお断りしたり、特別な条件（例：保険料の割増など）を前提にお引受けすることがあります。 詳しくは、ニッセイコールセンター、お客様窓口、または当社職員にご連絡ください。 ニッセイコールセンター お客様窓口
111,https://faq.nissay.co.jp/faq/show/111?site_domain=default,よくあるご質問 > 保険加入のご検討 > 保障見直し・告知・その他制度 > 加入するのに年齢制限はありますか？,加入するのに年齢制限はありますか？,保険加入の年齢制限は、保険契約、保険金額などにより異なります。 詳しくは、ニッセイコールセンター、お客様窓口、または当社職員にご連絡ください。 お客様窓口 ニッセイコールセンター
112,https://faq.nissay.co.jp/faq/show/112?site_domain=default,よくあるご質問 > 保険加入のご検討 > 保障見直し・告知・その他制度 > 告知（診査）は省略できないのですか？,告知（診査）は省略できないのですか？,恐れ入りますが、告知（診査）を省略することはできません。
115,https://faq.nissay.co.jp/faq/show/115?site_domain=default,よくあるご質問 > 保険加入のご検討 > 保険種類 > 終身保険とはどのような保険ですか？,終身保険とはどのような保険ですか？,終身保険とはのページで、詳しいご説明を掲載しておりますのでご覧ください。 終身保険とは
116,https://faq.nissay.co.jp/faq/show/116?site_domain=default,よくあるご質問 > 保険加入のご検討 > 保険種類 > 定期保険とはどのような保険ですか？,定期保険とはどのような保険ですか？,定期保険とはのページで、詳しいご説明を掲載しておりますのでご覧ください。 定期保険とは
117,https://faq.nissay.co.jp/faq/show/117?site_domain=default,よくあるご質問 > 保険加入のご検討 > 保険種類 > 養老保険とはどのような保険ですか？,養老保険とはどのような保険ですか？,養老保険とはのページで、詳しいご説明を掲載しておりますのでご覧ください。 養老保険とは
118,https://faq.nissay.co.jp/faq/show/118?site_domain=default,よくあるご質問 > 保険加入のご検討 > 保険種類 > 医療保険とはどのような保険ですか？,医療保険とはどのような保険ですか？,医療保険とはのページで、詳しいご説明を掲載しておりますのでご覧ください。 医療保険とは
119,https://faq.nissay.co.jp/faq/show/119?site_domain=default,よくあるご質問 > 保険加入のご検討 > 保険種類 > 個人年金とはどのような保険ですか？,個人年金とはどのような保険ですか？,個人年金とはのページで、詳しいご説明を掲載しておりますのでご覧ください。 個人年金とは
121,https://faq.nissay.co.jp/faq/show/121?site_domain=default,よくあるご質問 > 保険加入のご検討 > 保険種類 > こども保険とはどのような保険ですか？,こども保険とはどのような保険ですか？,こども保険とはのページで、詳しいご説明を掲載しておりますのでご覧ください。 こども保険とは
122,https://faq.nissay.co.jp/faq/show/122?site_domain=default,よくあるご質問 > 企業保険インターネットサービス（企保ネット） > ログイン > 企保ネットのﾊﾟｽﾜｰﾄﾞを忘れてしまいました。,企保ネットのﾊﾟｽﾜｰﾄﾞを忘れてしまいました。,セキュリティ上、ニッセイでもお客様のﾊﾟｽﾜｰﾄﾞを確認できない仕組みとなっており、ﾊﾟｽﾜｰﾄﾞを回答することはできかねます。 ﾊﾟｽﾜｰﾄﾞを6回間違えて入力されると、企保ネットへログインいただけなくなります。（「ﾊﾟｽﾜｰﾄﾞがロックされたため、ﾊﾟｽﾜｰﾄﾞを再発行していただく必要があります。」というメッセージが表示されます。） 可能性があるﾊﾟｽﾜｰﾄﾞを6回試していただき、ログインできない状態になりましたら、ﾊﾟｽﾜｰﾄﾞ再発行のお手続きを行ってください。 ID管理者は、企保ネット上でﾊﾟｽﾜｰﾄﾞ再発行のお手続きを行うことができます。詳細は、お手続きマニュアルを参照ください。 ID管理者のﾊﾟｽﾜｰﾄﾞが無効になり、他にID管理者がいないなど、企保ネット上でお手続きができない場合は、ニッセイのお問合せ窓口にご連絡ください。 手続き後、1週間前後で「ユーザーIDのお知らせ」をお客様へ送付いたします。
123,https://faq.nissay.co.jp/faq/show/123?site_domain=default,よくあるご質問 > 企業保険インターネットサービス（企保ネット） > ログイン > ﾊﾟｽﾜｰﾄﾞを6回連続して誤入力し、ﾊﾟｽﾜｰﾄﾞがロックされてしまいました。,ﾊﾟｽﾜｰﾄﾞを6回連続して誤入力し、ﾊﾟｽﾜｰﾄﾞがロックされてしまいました。,ﾊﾟｽﾜｰﾄﾞを6回間違えて入力されると、企保ネットへログインいただけなくなります。（「ﾊﾟｽﾜｰﾄﾞがロックされたため、ﾊﾟｽﾜｰﾄﾞを再発行していただく必要があります。」というメッセージが表示されます。） ご利用再開のためには、ﾊﾟｽﾜｰﾄﾞ再発行のお手続きが必要です。 ID管理者は、企保ネット上でﾊﾟｽﾜｰﾄﾞ再発行のお手続きを行うことができます。詳細は、お手続きマニュアルを参照ください。 ID管理者のﾊﾟｽﾜｰﾄﾞが無効になり、他にID管理者がいないなど、企保ネット上でお手続きができない場合は、ニッセイのお問合せ窓口にご連絡ください。 手続き後、1週間前後で「ユーザーIDのお知らせ」をお客様へ送付いたします。
124,https://faq.nissay.co.jp/faq/show/124?site_domain=default,よくあるご質問 > 企業保険インターネットサービス（企保ネット） > ログイン > パソコンを変更したのですが、何か手続きは必要ですか。,パソコンを変更したのですが、何か手続きは必要ですか。,新しいパソコンのご利用環境確認およびクライアント証明書の各種お手続きが必要です。 詳しいお手続き方法は以下のとおりです。 (1)新しいパソコンが、企保ネットの推奨環境に合っているか、ご確認ください。 (2)新しいパソコンについて、クライアント証明書の再発行のお手続きを行ってください。 クライアント証明書再発行の手続方法 ニッセイのお問合せ窓口にご連絡ください。 お手続き後、1週間前後でニッセイでのクライアント証明書再発行手続きの完了通知をお客様へ送付いたします。 なお、クライアント証明書再発行のお手続きは、新しいパソコンがお手元に届く前に行っていただいても構いませんが、このお手続きを行うと、これまで使用していたパソコンで取得されているクライアント証明書を更新することができなくなりますのでご留意ください。 (3)これまで使用していたパソコンのクライアント証明書を、以下の手順でパソコン上から削除ください。 ※PCによっては、画面イメージが異なる場合がありますので、ご了承ください。 左下のスタートメニューをクリックし、【W】のメニュー一覧から【Windows システムツール】をクリックし、さらに【コントロールパネル】をクリックしてください。 【ネットワークとインターネット】をクリックしてください。 ※右上の「表示方法」を「小さなアイコン」「大きなアイコン」に設定している場合、「インターネットオプション」をクリックしてください。 【インターネットオプション】をクリックしてください。 「インターネットオプション」というウィンドウが開いたら、「コンテンツ」のタブをクリックし、『証明書』ボタンをクリックしてください。 「証明書」というウィンドウが開いたら、「個人」のタブをクリックしてください。 インストールされているクライアント証明書の一覧が表示されます。 「発行先」の欄に企保ネットのユーザーIDと管理番号が表示され、「発行者」の欄が「Nippon Life Insurance Company Kihonet ～」となっているものが、企保ネットのクライアント証明書です。 削除する証明書を選択し、『削除』ボタンをクリックしてください。 （確認メッセージが表示されたら、『はい』をクリックしてください。） (4) 新しいパソコンで初期設定を行ってください。 (5)新しいパソコンにて、クライアント証明書 新規取得・更新サイトへアクセスし、クライアント証明書の新規取得を行ってください。 具体的な手続方法については、「クライアント証明書新規取得・更新マニュアル」 [2.14MB]をご参照ください。 クライアント証明書の新規取得時に入力いただく各種項目については、上記のマニュアルとあわせ、クライアント証明書再発行のお手続き完了後にニッセイより送付される完了通知をご確認ください。 (6)クライアント証明書の取得完了後、企保ネットにログインできることをご確認ください。
125,https://faq.nissay.co.jp/faq/show/125?site_domain=default,よくあるご質問 > 企業保険インターネットサービス（企保ネット） > ログイン > 企保ネットにアクセスできません。（初めてアクセスする場合）,企保ネットにアクセスできません。（初めてアクセスする場合）,いくつかの原因が考えられますので、以下の(1)～(3)を順にご確認ください。 (1)クライアント証明書の新規取得が完了していない可能性があります。 企保ネットにアクセスするためには、事前に「クライアント証明書の新規取得」をしていただく必要があります。取得が完了していない場合は、クライアント証明書 新規取得・更新サイトへアクセスし、クライアント証明書の新規取得を行ってください。 具体的な手続方法については、「クライアント証明書　新規取得・更新マニュアル」 [2.14MB]をご参照ください。 クライアント証明書の新規取得時に入力いただく各種項目については、上記のマニュアルとあわせ、「ユーザーIDのお知らせ」ハガキをご確認ください。 クライアント証明書の取得が完了しましたら、企保ネットにログインできることをご確認ください。 (2)「信頼済みサイト」の設定をご確認ください。 事前に設定した信頼済みサイトの内容が誤っているか、信頼済みサイトが登録されていない可能性があります。 「PCご利用環境確認手順書」の「Step1」をご参照のうえ、信頼済みサイトを正しく設定してください。 信頼済みサイトの登録内容を修正された場合は、企保ネットにログインできることをご確認ください。 (3)暗号化通信の設定を以下の手順でご確認ください。 ※PCによっては、画面イメージが異なる場合がありますので、ご了承ください。 左下のスタートメニューをクリックし、【W】のメニュー一覧から【Windows システムツール】をクリックし、さらに【コントロールパネル】をクリックしてください。 【ネットワークとインターネット】をクリックしてください。 ※右上の「表示方法」を「小さなアイコン」「大きなアイコン」に設定している場合、「インターネットオプション」をクリックしてください。 【インターネットオプション】をクリックしてください。 「インターネットオプション」というウィンドウが開いたら、「詳細設定」のタブをクリックしてください。 「TLS 1.2の使用」（注1）にチェックがない場合、チェックを入れてください。 （注1）Windows7以降のみ当項目が存在します。 ※「TLS1.0を使用する」「TLS1.1の使用」にチェックが付いていても問題ありません。 チェック項目を修正された場合は［OK］をクリックし企保ネットにログインできることをご確認ください。
126,https://faq.nissay.co.jp/faq/show/126?site_domain=default,よくあるご質問 > 企業保険インターネットサービス（企保ネット） > ログイン > 企保ネットにアクセスできません。（過去にアクセスできたことがある場合）,企保ネットにアクセスできません。（過去にアクセスできたことがある場合）,いくつかの原因が考えられますので、以下の(1)～(5)を順にご確認ください。 (1)「信頼済みサイト」の設定をご確認ください。 事前に設定した信頼済みサイトの内容が誤っているか、信頼済みサイトが登録されていない可能性があります。 「PCご利用環境確認手順書」の「Step1」をご参照のうえ、信頼済みサイトを正しく設定してください。 信頼済みサイトの登録内容を修正された場合は、企保ネットにログインできることをご確認ください。 (2) 暗号化通信の設定を以下の手順でご確認ください。 ※PCによっては、画面イメージが異なる場合がありますので、ご了承ください。 左下のスタートメニューをクリックし、【W】のメニュー一覧から【Windows システムツール】をクリックし、さらに【コントロールパネル】をクリックしてください。 【ネットワークとインターネット】をクリックしてください。 ※右上の「表示方法」を「小さなアイコン」「大きなアイコン」に設定している場合、「インターネットオプション」をクリックしてください。 【インターネットオプション】をクリックしてください。 「インターネットオプション」というウィンドウが開いたら、「詳細設定」のタブをクリックしてください。 「TLS 1.2の使用」（注1）にチェックがない場合、チェックを入れてください。 （注1）Windows7以降のみ当項目が存在します。 ※「TLS1.0を使用する」「TLS1.1の使用」にチェックが付いていても問題ありません。 チェック項目を修正された場合は［OK］をクリックし企保ネットにログインできることをご確認ください。 (3)パソコンの日付の設定をご確認ください。 日付・年が正確でない場合、クライアント証明書の有効期限が正しく判定されません。 ご確認のうえ、誤っている場合は、修正ください。 確認方法 Windows画面の右下（場所が違うこともあります）に表示されている時計にカーソルを合わせると、年月日が表示されます。 （パソコンの設定によっては、カーソルを合わせなくても、初めからカレンダーが表示されています。） 修正方法 時計をダブルクリックすると、日付と時刻の修正画面が表示されます。 日付と時刻が正確でない場合は、修正後、『OK』をクリックください。 (4)クライアント証明書の有効期限は、取得後3年です。 クライアント証明書の有効期限が切れていないかご確認ください。 上記(2)の手順に沿って「インターネットオプション」を開いてください。 「インターネットオプション」というウィンドウが開いたら、 「コンテンツ」のタブをクリックし、『証明書』ボタンをクリックしてください。 「証明書」というウィンドウが開いたら、「個人」のタブをクリックしてください。 インストールされているクライアント証明書の一覧が表示されます。 「発行先」の欄に企保ネットのユーザーIDと管理番号が表示され、「発行者」の欄が「Nippon Life Insurance Company Kihonet CA - G4」となっているものが、企保ネットのクライアント証明書です。 該当の証明書の有効期限が過ぎていないかご確認ください。 有効期限が過ぎていた場合、企保ネットにアクセスする前に、まずクライアント証明書を更新する必要があります。 クライアント証明書 新規取得・更新サイトへアクセスし、クライアント証明書の更新を行ってください。 具体的な手続方法については、「クライアント証明書　新規取得・更新マニュアル」 [2.14MB]をご参照ください。 クライアント証明書の更新が完了しましたら、企保ネットにログインできることをご確認ください。
127,https://faq.nissay.co.jp/faq/show/127?site_domain=default,よくあるご質問 > 企業保険インターネットサービス（企保ネット） > ログイン > 企保ネットにアクセスしようとすると、「サービスをご利用できません」というエ...,企保ネットにアクセスしようとすると、「サービスをご利用できません」というエラー画面が表示されます。,(1)直接入力されたURLや、お気に入りに登録いただいているURLが、企保ネットのログインページのURL（https://kiho.nissay.co.jp/）であることが原因の可能性があります。 企保ネットは、必ずニッセイオフィシャルHP内の企保ネットのページ（http://www.nissay.co.jp/hojin/keiyaku/kihonet/login/）を経由してアクセスいただく必要があります。 ご確認のうえ、再度アクセスください。 (2)初期設定が正しく行われていない可能性があります。各種エラーを回避するため、必ず初期設定を行ってください。
128,https://faq.nissay.co.jp/faq/show/128?site_domain=default,よくあるご質問 > 企業保険インターネットサービス（企保ネット） > ログイン > 担当者が変更となりました。何か手続きは必要ですか。,担当者が変更となりました。何か手続きは必要ですか。,旧担当者のユーザーID削除や新担当者のユーザーIDの新規登録、およびクライアント証明書などの各種お手続きが必要です。 詳しいお手続き方法は以下のとおりです。 (1)新担当者のユーザーIDを登録します。 なお、ユーザーID登録のお手続き方法は、対象者の権限により異なります。 新担当者がID管理者（注1）・団体決裁者（注2）以外の場合 ID管理者が企保ネット上で新担当者のユーザーIDを登録することができます。 詳細は、お手続きマニュアルを参照ください。 （注1）ID管理権限のあるユーザー （注2）組織権限が団体型で、処理権限が決裁者のユーザー 新担当者がID管理者または団体決裁者の場合 「企保ネット　ユーザーID登録・変更申込書」を記入のうえ、ニッセイ宛送付ください。 「企保ネット　ユーザーID登録・変更申込書」は企保ネットの『白紙帳票取出』より取出しできます。 (2)旧担当者のユーザーIDを削除します。（※企保ネットの最後のご利用の終了後、申請ください。） なお、ユーザーID削除のお手続き方法は、対象者の権限により異なります。 旧担当者がID管理者または団体決裁者以外の場合 ID管理者が企保ネット上で旧担当者のユーザーIDを削除することができます。 詳細は、お手続きマニュアルを参照ください。 旧担当者がID管理者または団体決裁者の場合 「企保ネット　ユーザーID登録・変更申込書」を記入のうえ、ニッセイ宛送付ください。 「企保ネット　ユーザーID登録・変更申込書」は企保ネットの『白紙帳票取出』より取出しできます。 (3)パソコンが変更になる場合は、新しいパソコンが企保ネットの推奨環境に合っているかご確認のうえ、初期設定を行ってください。 旧担当者と同じパソコンをご使用する場合は不要です。 (4)新担当者のユーザーID登録後、1週間前後で「ユーザーIDのお知らせ」をお客様へ送付いたします。 「ユーザーIDのお知らせ」が届きましたら、クライアント証明書の新規取得を行ってください。 具体的な手続方法については、「クライアント証明書新規取得・更新マニュアル」 [2.14MB]を参照ください。 クライアント証明書の取得完了後、企保ネットにログインできることをご確認ください。 なお、初回ログインの際、パスワード変更画面が表示されるので、新しいパスワードへ変更ください。 (5)企保ネット初回ログイン後、新担当者のメールアドレスを登録ください。 また、旧担当者のメールアドレスが登録されている場合は、削除ください。 詳細は、お手続きマニュアルを参照ください。 (6)旧担当者のパソコンのクライアント証明書を、以下の手順でパソコン上から削除ください。 ※PCによっては、画面イメージが異なる場合がありますので、ご了承ください。 左下のスタートメニューをクリックし、【W】のメニュー一覧から【Windows システムツール】をクリックし、さらに【コントロールパネル】をクリックしてください。 【ネットワークとインターネット】をクリックしてください。 ※右上の「表示方法」を「小さなアイコン」「大きなアイコン」に設定している場合、「インターネットオプション」をクリックしてください。 【インターネットオプション】をクリックしてください。 「インターネットオプション」というウィンドウが開いたら、「コンテンツ」のタブをクリックし、『証明書』ボタンをクリックしてください。 「証明書」というウィンドウが開いたら、「個人」のタブをクリックしてください。 インストールされているクライアント証明書の一覧が表示されます。 「発行先」の欄に旧担当者のユーザーIDと管理番号が表示され、「発行者」の欄が「Nippon Life Insurance Company Kihonet ～」となっているものが、旧担当者のクライアント証明書です。 削除する証明書を選択し、『削除』ボタンをクリックしてください。 （確認メッセージが表示されたら、『はい』をクリックしてください。）
129,https://faq.nissay.co.jp/faq/show/129?site_domain=default,よくあるご質問 > 企業保険インターネットサービス（企保ネット） > サービスのお申込み > 企保ネットを利用したいのですが、どのように申込手続きしたらよいですか。,企保ネットを利用したいのですが、どのように申込手続きしたらよいですか。,企保ネットのご利用開始にあたっては、事前にお客様のご契約内容や保全お手続きの取扱などをニッセイで確認し、お客様ごとの利用開始時期を検討したうえで、サービスの内容や申込手続きについて順次ご案内をしております。 利用開始予定時期についてはニッセイのお問合せ窓口へご連絡ください。 ※企保ネットを利用いただけない一部のご契約については、企保ネットをご案内しないことがあります。
130,https://faq.nissay.co.jp/faq/show/130?site_domain=default,よくあるご質問 > 企業保険インターネットサービス（企保ネット） > サービスのお申込み > サービスの利用に手数料はかかりますか。,サービスの利用に手数料はかかりますか。,手数料はかかりません。 ただし、インターネット通信費や機器などの諸費用についてはお客様負担となります。
131,https://faq.nissay.co.jp/faq/show/131?site_domain=default,よくあるご質問 > 企業保険インターネットサービス（企保ネット） > クライアント証明書の新規取得・更新 > クライアント証明書の新規取得や更新の手順は、何を見たらわかりますか。,クライアント証明書の新規取得や更新の手順は、何を見たらわかりますか。,クライアント証明書 新規取得・更新サイトへアクセスしてください。 具体的な手続方法については、「クライアント証明書　新規取得・更新マニュアル」 [2.14MB]をご参照ください。 クライアント証明書の新規取得時に入力いただく各種項目については、上記のマニュアルとあわせ、「ユーザーIDのお知らせ」ハガキ（クライアント証明書の再発行申請を行っていただいた場合は、その際にニッセイから送付される完了通知）をご確認ください。
132,https://faq.nissay.co.jp/faq/show/132?site_domain=default,よくあるご質問 > 企業保険インターネットサービス（企保ネット） > ログイン > 「信頼済みサイト」に登録する際、「指定したサイトは既に別のゾーンにあります...,「信頼済みサイト」に登録する際、「指定したサイトは既に別のゾーンにあります。」が表示されます。,(1)既に信頼済みサイトに登録されていないかご確認ください。 信頼済みサイトに登録されていないにもかかわらず、このエラーが出る場合、「制限付きサイト」に登録されている可能性があります。 以下の手順で、登録されているURLを削除いただいてから、再度「信頼済みサイト」にご登録ください。 ※PCによっては、画面イメージが異なる場合がありますので、ご了承ください。 左下のスタートメニューをクリックし、【W】のメニュー一覧から【Windows システムツール】をクリックし、さらに【コントロールパネル】をクリックしてください。 【ネットワークとインターネット】をクリックしてください。 ※右上の「表示方法」を「小さなアイコン」「大きなアイコン」に設定している場合、「インターネットオプション」をクリックしてください。 【インターネットオプション】をクリックしてください。 「インターネットオプション」というウィンドウが開いたら、「セキュリティ」のタブをクリックしてください。 「制限付きサイト」のアイコンを選択し、右下の『サイト』ボタンをクリックしてください。 「Webサイト」の欄に、信頼済みサイトとして登録しようとしているURLが表示されている場合は、該当のURLを選択のうえ、『削除』ボタンをクリックし、『閉じる』（または『OK』）をクリックしてください。 インターネットオプション画面に戻りますので、改めて「信頼済みサイト」に登録できるかお試しください。 (2)上記(1)の手順にて、 「制限付きサイト」に該当のURLが登録されていない場合は、「イントラネット」に登録されている可能性があります。 『キャンセル』（または『閉じる』）をクリックしてインターネットオプション画面に戻り、以下の手順で、「イントラネット」に登録されていないかお試しください。 「ローカル　イントラネット」（または「イントラネット」）のアイコンを選択し、右下の『サイト』ボタンをクリックしてください。 「ローカル　イントラネット」（または「イントラネット」）のダイアログが表示されますので、『詳細設定』ボタンをクリックしてください。 「Webサイト」の欄に、信頼済みサイトとして登録しようとしているURLが表示されている場合は、該当のURLを選択のうえ、『削除』ボタンをクリックし、『閉じる』（または『OK』）をクリックしてください。 インターネットオプション画面に戻りますので、改めて「信頼済みサイト」に登録できるかお試しください。
134,https://faq.nissay.co.jp/faq/show/134?site_domain=default,よくあるご質問 > 企業保険インターネットサービス（企保ネット） > クライアント証明書の新規取得・更新 > クライアント証明書の新規取得の際、「入力情報エラー　ステータスコード：34...,クライアント証明書の新規取得の際、「入力情報エラー　ステータスコード：3420」が表示されます。,入力いただいた以下の内容のいずれかに誤りがあります。 ブラウザーの「戻る」ボタンで入力画面に戻り（注1）、入力内容をご確認ください。 （注1）「戻る」ボタンで戻らない場合、「戻る」ボタンをダブルクリックすることで戻ることがあります。 企保ネットコード 「ユーザーIDのお知らせ」に記載されている「企保ネットコード（半角数字8桁）」と相違ないかご確認ください。 管理番号 「ユーザーIDのお知らせ」に記載されている「管理番号（半角英数10桁）」と相違ないかご確認ください。 大文字小文字は区別されます。「ユーザーIDのお知らせ」上、ハイフンなどが入力されている場合、それらの記号も入力してください。 誤ってパスワードを入力されている場合があります。 氏名の上部に印字されている「管理番号」を入力してください。 ユーザーID 「ユーザーIDのお知らせ」に記載されている「ユーザーID（半角英数7桁）」と相違ないかご確認ください。 大文字小文字は区別されます。誤りがないかご確認ください。 年 「ユーザーIDのお知らせ」の右上に記載されている「発行年」が半角4桁の西暦で入力されているかご確認ください。 枝番 通常は「001（半角）」ですが、再発行の場合は再発行完了の通知文書に記載されている枝番を入力してください。
138,https://faq.nissay.co.jp/faq/show/138?site_domain=default,よくあるご質問 > 企業保険インターネットサービス（企保ネット） > クライアント証明書の新規取得・更新 > クライアント証明書の更新後、証明書が2つ表示されるようになりました。,クライアント証明書の更新後、証明書が2つ表示されるようになりました。,Windowsのバージョンにより、更新前後のクライアント証明書が両方表示されることがありますので、以下の手順で更新前のクライアント証明書を削除ください。 ※PCによっては、画面イメージが異なる場合がありますので、ご了承ください。 (1)左下のスタートメニューをクリックし、【W】のメニュー一覧から【Windows システムツール】をクリックし、さらに【コントロールパネル】をクリックしてください。 (2)【ネットワークとインターネット】をクリックしてください。 ※右上の「表示方法」を「小さなアイコン」「大きなアイコン」に設定している場合、「インターネットオプション」をクリックすると(4)に進みます。 (3)【インターネットオプション】をクリックしてください。 (4)「インターネットオプション」というウィンドウが開いたら、「コンテンツ」のタブをクリックし、『証明書』ボタンをクリックしてください。 (5)「証明書」というウィンドウが開いたら、「個人」のタブをクリックしてください。 インストールされているクライアント証明書の一覧が表示されます。 「発行先」の欄に企保ネットのユーザーIDと管理番号が表示され、「発行者」の欄が「Nippon Life Insurance Company Kihonet ～」となっているものが、企保ネットのクライアント証明書です。 「発行先」が同じクライアント証明書が2つ表示されていることをご確認ください。 「有効期限」が古い証明書を選択し、『削除』ボタンをクリックしてください。 （確認メッセージが表示されたら、「はい」をクリックしてください。） (6)『閉じる』をクリックし、『OK』をクリックしてインターネットオプション画面を終了し、改めて企保ネットにアクセスいただき、選択肢が片方消えていることをご確認ください。
140,https://faq.nissay.co.jp/faq/show/140?site_domain=default,よくあるご質問 > ご契約者さま専用サービス > ログイン > 暗証番号（パスワード）を忘れてしまった。教えてもらえますか？,暗証番号（パスワード）を忘れてしまった。教えてもらえますか？,当社から暗証番号（パスワード）をお伝えすることはできません。 ホームページから初期暗証番号（仮パスワード）の発行が必要です。 以下から手続きしてください。 初期暗証番号（仮パスワード）の発行
142,https://faq.nissay.co.jp/faq/show/142?site_domain=default,よくあるご質問 > ご契約者さま専用サービス > ログイン > インターネットでできる手続きは何ですか？,インターネットでできる手続きは何ですか？,詳細は、以下から確認ください。 ※ご契約者さま専用サービスを利用するには、お客様番号（お客様ＩＤ）の発行が必要です。 「ご契約者さま専用サービス」で利用可能な手続き ご契約者さま専用サービスでできない手続きについては、ニッセイコールセンター、お客様窓口または当社職員に連絡ください。 ニッセイコールセンター お客様窓口
143,https://faq.nissay.co.jp/faq/show/143?site_domain=default,よくあるご質問 > ご契約者さま専用サービス > ログイン > 暗証番号（パスワード）とは何ですか？,暗証番号（パスワード）とは何ですか？,ご契約者さま専用サービスへのログインに必要な番号です。 当社より発行した初期暗証番号（仮パスワード）を、お客様任意の数字（4桁）に変更したものが、暗証番号（パスワード）となります。 初期暗証番号（仮パスワード）発行は、以下から手続きできます。 初期暗証番号（仮パスワード）の発行
144,https://faq.nissay.co.jp/faq/show/144?site_domain=default,よくあるご質問 > ご契約者さま専用サービス > ログイン > お客様番号(お客様ID)とは何ですか？,お客様番号(お客様ID)とは何ですか？,各種サービスを利用するために必要な11桁の数字です。 ※平成22年4月1日以前にニッセイ保険口座番号をお持ちのお客様は、その番号がそのままお客様番号(お客様ID)となります。 ※サービス利用のためには、別途、暗証番号（パスワード）等が必要です。 お客様番号（お客様ID）の調べ方は、以下を確認ください。 お客様番号（お客様ID）が分からない
145,https://faq.nissay.co.jp/faq/show/145?site_domain=default,よくあるご質問 > ご契約者さま専用サービス > ログイン > 暗証番号（パスワード）を間違えて、ホームページにログインできなくなってしま...,暗証番号（パスワード）を間違えて、ホームページにログインできなくなってしまった。どうすればいいですか？,利用再開のためには、初期暗証番号(仮パスワード)を発行する必要があります。 以下から手続きください。 初期暗証番号(仮パスワード)の発行
146,https://faq.nissay.co.jp/faq/show/146?site_domain=default,よくあるご質問 > ご契約者さま専用サービス > 操作方法 > 契約貸付金の返済をしましたが、ホームページで確認できません。なぜですか？,契約貸付金の返済をしましたが、ホームページで確認できません。なぜですか？,返済方法によって金融機関からのデータ連動のタイミングが異なっており、反映するまでには、以下の日数が必要となります。 ＜反映するまでに必要な日数＞ インターネットバンキングから返済した場合 →2営業日程度 ペイジーから返済した場合 →2営業日程度 振込用紙を利用して返済した場合 →3週間程度
147,https://faq.nissay.co.jp/faq/show/147?site_domain=default,よくあるご質問 > ご契約者さま専用サービス > 操作方法 > 表示される年齢が実際の年齢と違うのはなぜですか？,表示される年齢が実際の年齢と違うのはなぜですか？,平成24年4月1日以前のご契約については、『満年齢』ではなく、『保険年齢』で記載しております。 『保険年齢』とは、年齢を満年齢で計算し、1年未満の端数は、6カ月以下のものは切捨て、6カ月を超えるものは切上げて計算した年齢のことをいいます。 例：35歳7カ月の場合、保険年齢は36歳になります。
148,https://faq.nissay.co.jp/faq/show/148?site_domain=default,よくあるご質問 > ご契約者さま専用サービス > 操作方法 > インターネットでお祝金を引出すにはどうすればいいですか？,インターネットでお祝金を引出すにはどうすればいいですか？,ご契約者さま専用サービスにログインのうえ、手続き一覧から「据置祝金の引出し」を選択ください。 その後、対象契約選択画面⇒引出金額の入力画面⇒内容の確認画面　と操作を進めると、手続きが完了します。 「ご契約者さま専用サービス」へログイン
149,https://faq.nissay.co.jp/faq/show/149?site_domain=default,よくあるご質問 > ご契約者さま専用サービス > 操作方法 > 生存給付金（祝金）の支払日を経過しているのに、引出可能額がありません。なぜ...,生存給付金（祝金）の支払日を経過しているのに、引出可能額がありません。なぜですか？,ホームページまたはアプリで引出可能になるのは、生存給付金（祝金）が据置祝金となってからです。 ※契約によっては、据置祝金となるのに、1週間程かかる場合があります。 詳細は、ニッセイコールセンター、お客様窓口、または当社職員にご連絡ください。 ニッセイコールセンター お客様窓口
151,https://faq.nissay.co.jp/faq/show/151?site_domain=default,よくあるご質問 > ご契約者さま専用サービス > ログイン > お客様番号（お客様ID）を発行するには、どうしたらいいですか？,お客様番号（お客様ID）を発行するには、どうしたらいいですか？,お客様窓口への来店、もしくは当社職員による訪問にて、手続きできます。 ・お客様窓口（ライフプラザ） 本人確認資料（運転免許証等）を持参のうえ、来店ください。   お客様窓口 ・当社職員 担当の当社職員に連絡ください。  ※担当の当社職員がわからない場合は、ニッセイコールセンターに連絡ください。   ニッセイコールセンター
152,https://faq.nissay.co.jp/faq/show/152?site_domain=default,よくあるご質問 > オフィシャルホームページ > 画面の文字サイズを変更したい。,画面の文字サイズを変更したい。,当社ホームページの右上部分（下図参照）で文字サイズの変更ができます。 ①をクリックするとナビゲーションが表示されます。 ②ご希望のサイズをクリックしてください。 ※ただし、上記の方法でも文字サイズの変更ができない場合（画像内の文字や一部の漢字等）があります。ご了承ください。
154,https://faq.nissay.co.jp/faq/show/154?site_domain=default,よくあるご質問 > オフィシャルホームページ > 電子署名とは何ですか？,電子署名とは何ですか？,eメールなどの電子文書に付与する、電子的な印章であり、紙文書における捺印やサイン（署名）に相当する役割をはたすものです。 詳しくは、以下をご確認ください。 電子署名（S/MIME）による電子メールのセキュリティ強化について
159,https://faq.nissay.co.jp/faq/show/159?site_domain=default,よくあるご質問 > 各種お手続き > 保障内容の確認・変更 > 契約内容を知りたい。,契約内容を知りたい。,「ご契約者さま専用サービス」にてご確認いただけます。 「ご契約者さま専用サービス」は以下のリンクからログインしてください。 ご契約者さま専用サービスはこちら ※お客様番号（お客様ID）が発行されていない場合等、一部ご利用になれない場合もございます。 ご加入の保険に関するご質問やご相談は、お気軽にニッセイコールセンターかお近くのお客様窓口、または当社職員までご連絡ください。 ニッセイコールセンター お客様窓口
160,https://faq.nissay.co.jp/faq/show/160?site_domain=default,よくあるご質問 > 各種お手続き > 登録内容の確認・変更 > 契約者は変更できますか？,契約者は変更できますか？,保険契約者は、被保険者および当社の同意を得て、契約者を変更することができます。 詳しくは、ニッセイコールセンター、お客様窓口、または当社職員に連絡ください。 ニッセイコールセンター お客様窓口 ※必ず契約者ご本人から連絡ください。 ※契約者・被保険者・受取人の関係によって保険金受取時に適用される税金が異なりますので留意ください。 保険金・年金を受取る場合の税金について
161,https://faq.nissay.co.jp/faq/show/161?site_domain=default,よくあるご質問 > 各種お手続き > 登録内容の確認・変更 > 受取人は変更できますか？,受取人は変更できますか？,保険契約者は、被保険者の同意を得て、保険金受取人を変更することができます。 ただし、当社ホームページで受取人を変更することはできません。 書面等でお手続きいただくこととなります。 詳しくは、ニッセイコールセンター、お客様窓口、または当社職員に連絡ください。 ニッセイコールセンター お客様窓口 ※必ず契約者ご本人から連絡ください。 ※契約者・被保険者・受取人の関係によって保険金受取時に適用される税金が異なりますので留意ください。 保険金・年金を受取る場合の税金について メールでのお申し出も可能です。 「ご契約者さま専用サービス」へログイン スマートフォンをご利用の方はこちらへ 「ご契約者さま専用サービス」へログイン後、 「よくあるご質問・お問合せ」より、「インターネットでのお問合せ」を選択いただき、 お申し出ください。
162,https://faq.nissay.co.jp/faq/show/162?site_domain=default,よくあるご質問 > 生命保険料控除・税金 > 保険料控除証明書 > 生命保険料控除証明書はいつごろ届きますか？,生命保険料控除証明書はいつごろ届きますか？,毎年10月中旬から10月下旬に順次送付しております。 送付後、到着までには約1週間かかりますのでご了承ください。 団体扱（勤務先の団体を経由して保険料をお払込み）のご契約については、当社より直接勤務先に送付しておりますので、勤務先のご担当者へご確認ください。 以下のご契約は送付時期が異なりますのでご確認ください。 払込方法（回数） 送付時期 月払 9月分までの保険料のお払込みが10月上旬以降の場合、確認でき次第、順次送付 一括払込（保険料をまとめてお払込済） 年払 半年払 払込期月が 10月 10月分の保険料のお払込みが10月上旬以降の場合、確認でき次第、順次送付 払込期月が 11月・ 12月 「生命保険料控除の“申告”にあたってのご案内」 (＊1)を10月中旬頃に送付 保険料のお払込みが確認でき次第、別途「生命保険料控除証明書」を順次送付 前納 （保険料をまとめてお払込済） 契約月が 1月から 10月 契約月の翌月上旬に「保険料充当通知・生命保険料控除証明書」を送付 例）契約月が10月の契約については11月上旬に送付 契約月が 11月・ 12月 「生命保険料控除の“申告”にあたってのご案内」 (＊1)を10月中旬頃に送付 契約月の翌月上旬に別途「保険料充当通知・生命保険料控除証明書」を送付 一時払 ご契約の成立と保険料のお払込みが10月上旬以降の場合、確認でき次第、順次送付 ※保険料をお払込みいただいた年のみの送付となります (*1)「生命保険料控除の“申告”にあたってのご案内」は生命保険料控除の申告額を事前にお知らせする通知です。 記載の申告額を、保険料控除申告書にご記入いただき、後日、保険料のお払込後に送付する 「生命保険料控除証明書」を提出することで、年末調整の手続きができます。 なお、生命保険料控除については以下をご参照ください。 生命保険料控除について
163,https://faq.nissay.co.jp/faq/show/163?site_domain=default,よくあるご質問 > 生命保険料控除・税金 > 保険料控除証明書 > 生命保険料控除証明書を紛失しました。再発行できますか？,生命保険料控除証明書を紛失しました。再発行できますか？,再発行できます。（お届けまでには、お手続きから1週間前後かかります。） 手続方法は以下のとおりです。 ①当社ホームページ「ご契約者さま専用サービス」 －お客様番号（お客様ID）等が必要です。 －受付期間は、毎年9月から翌年2月までです。 「ご契約者さま専用サービス」へログイン お急ぎの場合は、以下のお問合せ先までご照会ください。 ②コールセンターへのお問合せ ※音声ガイダンスが流れましたら、『9（その他）』を選択ください。 オペレーターが対応いたします。 ニッセイコールセンター ③お客様窓口 お客様窓口
164,https://faq.nissay.co.jp/faq/show/164?site_domain=default,よくあるご質問 > 各種お手続き > 保障内容の確認・変更 > 失効した保険契約を元に戻すことはできますか？,失効した保険契約を元に戻すことはできますか？,失効後3年以内であれば、復活の手続きにより、ご契約を元に戻すことができます。 ※平成24年4月1日以前にご加入のご契約のみの取扱いとなります。 ＜留意点＞ ・あらためて、告知または診査が必要になりますので、健康状態によっては引受けできないこともあります。 ・復活には失効期間中にかかる合計の保険料の払込みが必要です。 ・復活により復活日が責任開始日となります。 ・変額保険、医療保障保険（個人型）については取扱いが異なりますので、別途お問合せください。
165,https://faq.nissay.co.jp/faq/show/165?site_domain=default,よくあるご質問 > 各種お手続き > 保障内容の確認・変更 > 更新の案内が届きました。どうしたらいいですか？,更新の案内が届きました。どうしたらいいですか？,原則、対面でのお手続きが必要となります。 お客様窓口、または当社職員にご連絡ください。 ※担当の当社職員がわからない場合は、ニッセイコールセンターにご連絡ください。 ニッセイコールセンター
166,https://faq.nissay.co.jp/faq/show/166?site_domain=default,よくあるご質問 > 各種お手続き > 資金の借入れ・引出し > 急にお金が必要になったときは、どうしたらよいのでしょうか。,急にお金が必要になったときは、どうしたらよいのでしょうか。,以下①～④の各種制度があり、ご契約者さま専用サービスから利用できます。 （ご契約により利用できる制度は異なります。） 「ご契約者さま専用サービス」へログイン ①契約貸付 契約貸付とは、一時的に必要な資金を解約払戻金の所定の範囲内で貸付けする制度です。 契約貸付金には利息がつき、利率は金融情勢等により変動することがあります。 利率については以下からご確認ください。 主な諸利率一覧について 返済方法は以下からご確認ください。 契約貸付金の返済方法を教えてください。 ②積立配当金 ③据置祝金 ④据置保険金 各種手続の詳細は、以下からご確認ください。 契約貸付金を借りる、返す 積立配当金を引出す 据置生存給付金（祝金）を引出す 据置保険金を引出す 不明点があれば、ニッセイコールセンター、お客様窓口、または当社職員にご連絡ください。 ニッセイコールセンター お客様窓口
167,https://faq.nissay.co.jp/faq/show/167?site_domain=default,よくあるご質問 > 各種お手続き > 資金の借入れ・引出し > 契約貸付を利用したい。,契約貸付を利用したい。,ご契約者さま専用サービスから利用できます。 （ご契約により利用できる制度は異なります。） 「ご契約者さま専用サービス」へログイン 詳細は、以下からご確認ください。 契約貸付金を借りる、返す
168,https://faq.nissay.co.jp/faq/show/168?site_domain=default,よくあるご質問 > 各種お手続き > 資金の借入れ・引出し > 契約貸付金を返済したい。,契約貸付金を返済したい。,ご契約者さま専用サービスから提携ネットバンキング（注1）またはペイジー決済（注2） で返済できます。（一部の返済も可能です。） ただし、法人契約および変額保険の返済はできません。 「ご契約者さま専用サービス」へログイン ログイン後の手順 ①「お手続きメニュー内」の「借入れ・引出し・払込み」を選択 ②「払込みに関する取引き」内の「契約貸付金の返済」を選択 （注1） みずほ銀行、三井住友銀行、三菱UFJ銀行、ゆうちょ銀行、PayPay銀行のネットバンキングサービスを利用の方が対象となります。 （注2） ペイジーとは？　（社外サイトへ移動します）
169,https://faq.nissay.co.jp/faq/show/169?site_domain=default,よくあるご質問 > 各種お手続き > 資金の借入れ・引出し > 契約貸付金の利率が知りたい。,契約貸付金の利率が知りたい。,ご契約者さま専用サービスから確認できます。 「ご契約者さま専用サービス」へログイン 利率については以下から確認ください。 主な諸利率一覧について 詳しくは、ニッセイコールセンター、お客様窓口、または当社職員に連絡ください。 ニッセイコールセンター お客様窓口
170,https://faq.nissay.co.jp/faq/show/170?site_domain=default,よくあるご質問 > 各種お手続き > 資金の借入れ・引出し > 契約貸付金の利用可能額を知りたい。,契約貸付金の利用可能額を知りたい。,契約ごとの利用可能額(注)は、「ご契約者さま専用サービス」でご確認いただけます。 「ご契約者さま専用サービス」へログイン ログイン後の手順 ①「お手続きメニュー」内の「借入れ・引出し・払込み」を選択 ②「借入れ・引出しに関する取引き」内の「契約貸付金の借入れ」を選択 ③ページをスクロール(画面の下に移動)して、右下部の「次に進む」を選択 ④「契約一覧」内の「借入可能額」を参照 (注) 「ご契約者さま専用サービス」での1日の利用可能額を超えるご利用の場合は、数日に分けてお手続きするか、書類でのお手続きとなります。 詳細は以下からご確認ください。 「利用時間」、「利用手数料」、「利用可能額」一覧
171,https://faq.nissay.co.jp/faq/show/171?site_domain=default,よくあるご質問 > 各種お手続き > 資金の借入れ・引出し > 積立配当金、据置祝金、据置保険金の残高を知りたい。,積立配当金、据置祝金、据置保険金の残高を知りたい。,ご契約者さま専用サービスで確認できます。 「ご契約者さま専用サービス」へログイン ログイン後の手順 ①「お手続きメニュー」内の「借入れ・引出し・払込み」を選択 ②「借入れ・引出しに関する取引き」内から、確認したい項目を選択 ※積立配当金の残高を知りたい方は、「積立配当金の引出し」を選択 ③ページをスクロール(画面の下に移動)して、右下部の「次に進む」を選択 ④「契約一覧」内の「引出可能額」を参照 詳しくは、ニッセイコールセンター、お客様窓口、または当社職員にご連絡ください。 ニッセイコールセンター お客様窓口
172,https://faq.nissay.co.jp/faq/show/172?site_domain=default,よくあるご質問 > 生命保険料控除・税金 > 保険料控除証明書 > 生命保険料控除証明書がまだ届きません。,生命保険料控除証明書がまだ届きません。,10月中旬から順次送付します。 ただし、払込方法や払込状況によっては、送付時期が異なります。 詳細は、以下のよくあるご質問を参照ください。 生命保険料控除証明書はいつごろ届きますか？
173,https://faq.nissay.co.jp/faq/show/173?site_domain=default,よくあるご質問 > 各種お手続き > 登録内容の確認・変更 > 通知物の住所に漢字とカタカナが混在しています。カタカナを漢字で印字できない...,通知物の住所に漢字とカタカナが混在しています。カタカナを漢字で印字できないですか。,申し訳ございません。マンション名などにつきましては、現在、カタカナでの印字となっております。また、住所の一部または全部につきましてもカタカナでの印字となる場合がございます。ご了承くださいますようお願いいたします。
174,https://faq.nissay.co.jp/faq/show/174?site_domain=default,よくあるご質問 > 各種お手続き > 登録内容の確認・変更 > 保険料振替口座と取引口座（送金口座）の変更を同時に行うことはできますか。,保険料振替口座と取引口座（送金口座）の変更を同時に行うことはできますか。,申し訳ございません。それぞれ別のお手続きが必要となります。
175,https://faq.nissay.co.jp/faq/show/175?site_domain=default,よくあるご質問 > 各種お手続き > 保障内容の確認・変更 > 保険料払込免除特約の途中付加はできますか。,保険料払込免除特約の途中付加はできますか。,取扱いできません。
176,https://faq.nissay.co.jp/faq/show/176?site_domain=default,よくあるご質問 > 保険料のお払込み > その他 > 立替えられた保険料は、月々口座から返済できますか？,立替えられた保険料は、月々口座から返済できますか？,自動振替貸付金を口座から自動返済いただくお取扱いはございません。ご了承ください。 ご返済につきましては、ニッセイコールセンターまたはお客様窓口までご連絡ください。 ニッセイコールセンター お客様窓口
177,https://faq.nissay.co.jp/faq/show/177?site_domain=default,よくあるご質問 > 各種お手続き > 解約 > 解約したい。,解約したい。,手続方法などは、以下から確認ください。 解約する
178,https://faq.nissay.co.jp/faq/show/178?site_domain=default,よくあるご質問 > 各種お手続き > その他 > 最寄りの窓口（ライフプラザ）を教えてください。,最寄りの窓口（ライフプラザ）を教えてください。,以下から確認ください。 お客様窓口
179,https://faq.nissay.co.jp/faq/show/179?site_domain=default,よくあるご質問 > 各種お手続き > 登録内容の確認・変更 > 住所を変更したい。,住所を変更したい。,「ご契約者さま専用サービス」からお手続きをお願いいたします。 「ご契約者さま専用サービス」へログイン ニッセイコールセンターもしくは当社職員・お客様窓口でのお手続きをご希望の場合は、当社までご連絡ください。 ニッセイコールセンター お客様窓口（お近くのライフプラザをご確認いただけます）
180,https://faq.nissay.co.jp/faq/show/180?site_domain=default,よくあるご質問 > 各種お手続き > 登録内容の確認・変更 > 保険金の受取人を確認したい。,保険金の受取人を確認したい。,ご契約者さま専用サービスから確認ください。 「ご契約者さま専用サービス」へログイン 不明点があれば、ニッセイコールセンター、お客様窓口、または当社職員に連絡ください。 ニッセイコールセンター お客様窓口
181,https://faq.nissay.co.jp/faq/show/181?site_domain=default,よくあるご質問 > 各種お手続き > 資金の借入れ・引出し > 現在利用している契約貸付金は、いくらですか？,現在利用している契約貸付金は、いくらですか？,ご契約者さま専用サービスから契約貸付のお手続き途中で確認できます。 「ご契約者さま専用サービス」へログイン ログイン後の手順 ①「お手続きメニュー」内の「借入れ・引出し・払込み」を選択 ②「払込みに関する取引き」内の「契約貸付金の返済」を選択 ③ページをスクロール(画面の下に移動)して、右下部の「次に進む」を選択 ④いずれかの返済方法の中から、「選択する」を選択 ⑤「本日現在の借入残高(返済前)」を参照 不明点があれば、ニッセイコールセンター、お客様窓口、または当社職員に連絡ください。 ニッセイコールセンター お客様窓口
184,https://faq.nissay.co.jp/faq/show/184?site_domain=default,よくあるご質問 > 各種お手続き > ご契約内容のお知らせ > 「ご契約内容のお知らせ」の見方を教えてください。,「ご契約内容のお知らせ」の見方を教えてください。,「ご契約内容のお知らせ」にはご加入いただいている保険の概要や、連絡先等のご登録情報を記載しております。 詳細はこちら ご加入の保険に関するご質問やご相談は、お気軽にニッセイコールセンターかお近くのお客様窓口、またはニッセイトータルパートナーまでご連絡ください。 ニッセイコールセンター お近くの窓口を検索
186,https://faq.nissay.co.jp/faq/show/186?site_domain=default,よくあるご質問 > 各種お手続き > ご契約内容のお知らせ > 「ご契約内容のお知らせ」に載っていない契約があるのですが、なぜですか。,「ご契約内容のお知らせ」に載っていない契約があるのですが、なぜですか。,大変申し訳ございませんが、一部、お手続中やその他理由により掲載できない契約がございます。 詳しくは、ニッセイコールセンターにご連絡ください。 ニッセイコールセンター
187,https://faq.nissay.co.jp/faq/show/187?site_domain=default,よくあるご質問 > 各種お手続き > 登録内容の確認・変更 > 結婚、離婚の際に必要な手続きについて教えてください。,結婚、離婚の際に必要な手続きについて教えてください。,契約内容にあわせて、手続方法を案内します。 ニッセイコールセンター、お客様窓口、または当社職員に連絡ください。 ニッセイコールセンター お客様窓口 詳細は、以下を参照ください。 結婚したときの手続き 離婚したときの手続き
189,https://faq.nissay.co.jp/faq/show/189?site_domain=default,よくあるご質問 > 各種お手続き > 解約 > 解約払戻金の額が知りたい。,解約払戻金の額が知りたい。,当社ホームページで解約払戻金の額を確認することはできません。 ニッセイコールセンター、お客様窓口、または当社職員より回答いたします。 以下から連絡ください。 ニッセイコールセンター お客様窓口 メールでのお申し出も可能です。 「ご契約者さま専用サービス」へログイン スマートフォンをご利用の方はこちらへ 「ご契約者さま専用サービス」へログイン後、「よくあるご質問・お問合せ」より、「インターネットでのお問合せ」を選択いただき、お申し出ください。
190,https://faq.nissay.co.jp/faq/show/190?site_domain=default,よくあるご質問 > 生命保険料控除・税金 > 保険料控除証明書 > 生命保険料控除証明書の再発行を依頼したけどまだ届かない。,生命保険料控除証明書の再発行を依頼したけどまだ届かない。,当社ホームページや自動音声サービスにて再発行の手続きをいただいた生命保険料控除証明書につきましては、到着までに1週間前後かかります。 なお、自動発送のため発送状況については、確認いたしかねます。 何卒ご了承ください。 お急ぎの場合は、以下のお問合せ先までご連絡ください。 ニッセイコールセンター ※音声ガイダンスが流れましたら、『9（その他）』を選択ください。 オペレーターが対応いたします。 お客様窓口
191,https://faq.nissay.co.jp/faq/show/191?site_domain=default,よくあるご質問 > 生命保険料控除・税金 > 保険料控除証明書 > 生命保険料控除証明書の「介護医療保険料控除」の対象となる商品は何ですか？,生命保険料控除証明書の「介護医療保険料控除」の対象となる商品は何ですか？,介護医療保険料控除は、入院・通院等にともなう給付部分に係る保険料が対象となります。 （例えば、総合医療保険、重度疾病保障特約　等） ※介護保障保険・介護保障定期保険特約は、一般生命保険料控除の対象です。 詳細は以下を確認ください。 各控除区分に分類される主な商品一覧
192,https://faq.nissay.co.jp/faq/show/192?site_domain=default,よくあるご質問 > 生命保険料控除・税金 > 保険料控除証明書 > 生命保険料控除証明書に保険金受取人が記載されていません。保険金受取人を確認...,生命保険料控除証明書に保険金受取人が記載されていません。保険金受取人を確認したい。,「ご契約者さま専用サービス」から確認できます。 または、ニッセイコールセンター、お客様窓口でも確認できます。 「ご契約者さま専用サービス」へログイン ○手順1 「ご契約者さま専用サービスログイン」画面で、必要項目を入力して、「ログインボタン」を押します。 ※お客様番号（お客様ID)が不明な場合、“契約番号または証券記号番号でログイン”をご利用ください。 ○手順2 「お手続きメニュー」画面で「ご契約内容の確認」ボタンを押します。 ○手順3 「ご契約者の基本情報」「ご家族に関する情報・サンクスマイルに関するお知らせ 」画面でそれぞれ「次に進む」を押した後、「ご契約内容の確認」画面で受取人を確認したい契約の「詳細確認」ボタンを押します。 ○手順4 「ご契約内容の詳細（現在のご契約）」画面で受取人を確認できます。 ニッセイコールセンター お客様窓口
193,https://faq.nissay.co.jp/faq/show/193?site_domain=default,よくあるご質問 > 各種お手続き > その他 > 「ご契約者サポートサービス」について知りたい。,「ご契約者サポートサービス」について知りたい。,「ご契約者サポートサービス」とは、契約者様によるお手続きのお問合せが困難になった場合等に、ご登録いただいたご家族（1名）に契約者様をサポートしていただけるサービスです。 詳細は、以下をご確認ください。 「ご契約者サポートサービス」とは 「ご契約者サポートサービス」に申込む
194,https://faq.nissay.co.jp/faq/show/194?site_domain=default,よくあるご質問 > 生命保険料控除・税金 > 全般 > 保険金・給付金を受取ったときには、税金はかかりますか？,保険金・給付金を受取ったときには、税金はかかりますか？,保険金・給付金を受取った場合、税法上の取扱いは次のとおりです。 ＜対象となる保険金・給付金（例）＞ 死亡保険金、入院給付金、手術給付金、3大疾病保険金、介護保険金、身体障がい保険金、リビング・ニーズ特約の特約保険金　等 ●被保険者本人が受取った場合 病気やけがを原因として、被保険者が給付金を受取った場合は、金額にかかわらず非課税となります。 ●被保険者の配偶者または直系血族、または生計を同じくするご親族が受取った場合 被保険者が生存中に、上記のいずれかの方が受取る場合も非課税となります。 ●死亡保険金と合わせて受取った場合 ご契約者・被保険者・受取人の関係で課税の種類が決まります。（詳細は以下のとおり） ※当記載は2017年7月現在の法令等に基づくものであり、将来的に変更される可能性があります。
195,https://faq.nissay.co.jp/faq/show/195?site_domain=default,よくあるご質問 > 生命保険料控除・税金 > 全般 > 保険金や年金を受取る場合に、どのような税金がかかりますか？,保険金や年金を受取る場合に、どのような税金がかかりますか？,満期保険金や死亡保険金を受取った場合、契約者と被保険者および受取人の関係によって相続税、所得税、贈与税のいずれかが課税されます。 3大疾病保険金、介護保険金、身体障がい保険金、リビングニーズ特約の特約保険金などの生前給付保険金を被保険者本人が受取った場合、全額非課税となります。 ＜相続税の対象となる場合＞ 契約者（保険料負担者）と被保険者が同一の場合、受取人が受取った死亡保険金は税法上相続または遺贈によって取得したものとみなされ課税されます。 ただし、死亡保険金受取人が被保険者の相続人のときは、課税対象額より、生命保険金控除としての非課税限度額（500万円×法定相続人数）を差引いた金額が課税対象となります。 課税対象額＝保険金＋配当金―（500万円×法定相続人数） ＜所得税の対象となる場合＞ 契約者（保険料負担者）と保険金受取人が同一の場合、受取人が受取った保険金は一時所得として課税されます。 課税対象額＝（保険金＋配当金－実払込保険料－50万円）×1/2 ※5年満期一時払養老保険は差益に対して20％の源泉分離課税が適用されます。 差益＝満期保険金＋配当金－一時払保険料 ※5年満期一時払養老保険以外でも源泉分離課税の対象となるケースがあります。 ＜贈与税の対象となる場合＞ 契約者（保険料負担者）、被保険者、受取人がそれぞれ異なる場合、受取人が受取った保険金は贈与によって取得したものとみなされ課税されます。 課税対象額＝受取金額－110万円 ＜全額非課税となる場合＞ 保険金の受取人が被保険者本人となる3大疾病保険金、介護保険金、身体障がい保険金、リビングニーズ特約の特約保険金などの生前給付保険金を受取った場合、全額非課税※となります。 ※受取人である被保険者が死亡した場合、支払われた生存給付保険金のうち、支払後から死亡時までの間に使った金額を控除した残額は相続財産として相続税の課税対象となります。
196,https://faq.nissay.co.jp/faq/show/196?site_domain=default,よくあるご質問 > 生命保険料控除・税金 > 全般 > 満期保険金を据置いた場合、税金はいつかかりますか？,満期保険金を据置いた場合、税金はいつかかりますか？,満期支払期日の属する年の課税対象となります。 ただし、据置いた後に生じる据置利息については、毎年の雑所得となり、所得税の申告が必要です。 ※当記載は法令等に基づくものであり、将来的に変更される可能性があります。
197,https://faq.nissay.co.jp/faq/show/197?site_domain=default,よくあるご質問 > 生命保険料控除・税金 > 全般 > 入学祝金・生存給付金を受取った場合、税金はかかりますか？,入学祝金・生存給付金を受取った場合、税金はかかりますか？,契約者様が祝金・生存給付金を受取った場合は、一時所得として他の所得と合算し、所得税・住民税が課税されます。 通常の場合、実際に払込んだ保険料の金額が祝金（生存給付金）の金額を上回っているので、受取時点では、課税は発生しません。 ただし、保険料の払込みが免除されている契約等については、一時所得に対する課税が発生することがあります。 なお、祝金・生存給付金を据置いても、祝金・生存給付金の支払期日の属する年度の所得として課税されます。 したがって、据置祝金を引出した時点で課税されることはありません。
198,https://faq.nissay.co.jp/faq/show/198?site_domain=default,よくあるご質問 > 生命保険料控除・税金 > 全般 > 生命保険料控除証明書で、年金保険が「個人年金保険料控除」欄ではなく「一般生...,生命保険料控除証明書で、年金保険が「個人年金保険料控除」欄ではなく「一般生命保険料」欄に記載されているのはなぜですか？,「個人年金保険料控除」は税制適格特約を付加された年金保険のみが対象となります。 税制適格特約が付加されていない場合は、「個人年金保険料控除」としてではなく 「一般生命保険料控除」として申告ください。
199,https://faq.nissay.co.jp/faq/show/199?site_domain=default,よくあるご質問 > 生命保険料控除・税金 > 全般 > 保険料控除申告書の記入方法を教えてください。,保険料控除申告書の記入方法を教えてください。,以下をご参照ください。 「保険料控除申告書」の記入について 確定申告書の作成にあたっては国税庁HP『確定申告に関する手引き等』（こちら ）をご参照ください。 ※記入方法の詳細については税理士、所管の税務署にご確認ください。 ※生命保険料控除制度の詳しい内容については「生命保険料控除について」をご参照ください。
200,https://faq.nissay.co.jp/faq/show/200?site_domain=default,よくあるご質問 > ずっともっとサービス > 全般 > ずっともっとサービスとは何ですか？,ずっともっとサービスとは何ですか？,当社独自のご契約者様限定サービスです。 ポイント交換サービスや、お客様のライフイベントに応じたプレゼント等があります。 詳しくは、以下をご確認ください。 ずっともっとサービス また、ずっともっとサービスの４つのメニューについては以下をご確認ください。 サンクスマイルメニュー ハッピープレゼントメニュー プレミアムチャンスメニュー ハートフルサポートメニュー
202,https://faq.nissay.co.jp/faq/show/202?site_domain=default,よくあるご質問 > ずっともっとサービス > サンクスマイル > サンクスマイルとは何ですか？,サンクスマイルとは何ですか？,さまざまな賞品との交換や寄付等に使える当社独自のポイントです。 ご契約内容の確認やお客様情報の登録等により貯めることができます。 サンクスマイルについて詳しくみる
203,https://faq.nissay.co.jp/faq/show/203?site_domain=default,よくあるご質問 > ずっともっとサービス > サンクスマイル > サンクスマイル数を確認したい。,サンクスマイル数を確認したい。,以下のいずれかで確認できます。 ご契約者さま専用サービスにログイン 年に一回郵送している「ご契約内容のお知らせ」 「ご契約者さま専用サービス」へログイン 【ご契約者さま専用サービスでの確認手順】 ○手順１ 「ログイン」をクリックしてください。 ○手順２ 「ご契約者さま専用サービス」にログインしてください。 ◆スマートフォンでも確認できます。 ○手順３ こちらでサンクスマイル数をご確認ください。
204,https://faq.nissay.co.jp/faq/show/204?site_domain=default,よくあるご質問 > ずっともっとサービス > サンクスマイル > サンクスマイルを貯めたい。,サンクスマイルを貯めたい。,ご契約内容を確認する等の方法で貯めることができます。 詳しくは、以下をご確認ください。 サンクスマイルを貯める
205,https://faq.nissay.co.jp/faq/show/205?site_domain=default,よくあるご質問 > ずっともっとサービス > サンクスマイル > サンクスマイルと交換できる賞品は何ですか？,サンクスマイルと交換できる賞品は何ですか？,詳しくは、以下をご確認ください。 サンクスマイルを使う
206,https://faq.nissay.co.jp/faq/show/206?site_domain=default,よくあるご質問 > ずっともっとサービス > サンクスマイル > サンクスマイルと交換した賞品はいつ届きますか？,サンクスマイルと交換した賞品はいつ届きますか？,申込日・申込賞品等により取扱いが異なります。詳細は以下をご確認ください。 ①2022年4月1日（金）以降にお申込みの場合 【冊子カタログギフトに交換】 当社ホームページによるお申込みは、お届けまで1週間～10日程度かかります。当社にご登録いただいている住所に賞品を配送します。（ただし、日本国内のご住所に限ります。） また、担当者の携帯端末・申込書によるお申込みは、お届けまで1カ月以上かかります。原則、担当者が当社にご登録いただいている住所に賞品をお届けします。ご了承ください。 【JALのマイル・ANAのマイルに交換】 賞品のお届けはありません。マイル交換完了までに、約1～2カ月かかります。なお、マイル交換後の取扱いは、JAL・ANA各社のホームページにてご確認ください。 ②2022年3月31日（木）以前にお申込みの場合 【500マイル賞品・冊子カタログギフトに交換】 お届けまで1カ月以上かかります。原則、担当者が当社にご登録いただいている住所に賞品をお届けします。ご了承ください。 【JALのマイル・ANAのマイルに交換した場合】 賞品のお届けはありません。マイル交換完了までに、約1～2カ月かかります。なお、マイル交換後の取扱いは、JAL・ANA各社のホームページにてご確認ください。
207,https://faq.nissay.co.jp/faq/show/207?site_domain=default,よくあるご質問 > ずっともっとサービス > サンクスマイル > サンクスマイルを交換しましたが、取消しできますか？,サンクスマイルを交換しましたが、取消しできますか？,一度交換したサンクスマイルを元に戻すことはできません。 ご了承ください。
208,https://faq.nissay.co.jp/faq/show/208?site_domain=default,よくあるご質問 > ずっともっとサービス > サンクスマイル > 海外からでもサンクスマイルの交換はできますか？,海外からでもサンクスマイルの交換はできますか？,海外からも申込みは可能です。 ただし、賞品のお届けは国内住所に限ります。
209,https://faq.nissay.co.jp/faq/show/209?site_domain=default,よくあるご質問 > ずっともっとサービス > ハッピープレゼント > ハッピープレゼントとは何ですか？,ハッピープレゼントとは何ですか？,契約者ご本人とご家族のライフイベント等を当社に連絡されますと、プレゼントを受取れます。 ■対象となるライフイベント等 ・ご契約者とご家族の 　ご就職・ご結婚・ご誕生※・小学校ご入学・中学校ご入学・還暦　 ・ご契約者の　 　更新・満期・払込満了 　※お子さまが生まれた時のことであり、お誕生日ではありません。 ■「ご家族」の範囲 　・配偶者様 　・お子さま 　・お孫さま 　 詳しくは、以下をご確認ください。 ハッピープレゼントメニュー
210,https://faq.nissay.co.jp/faq/show/210?site_domain=default,よくあるご質問 > ずっともっとサービス > ハッピープレゼント > ハッピープレゼントは何がもらえますか？,ハッピープレゼントは何がもらえますか？,選べる賞品、申込方法等、ハッピープレゼントの詳細は以下をご確認ください。 ハッピープレゼントメニュー
211,https://faq.nissay.co.jp/faq/show/211?site_domain=default,よくあるご質問 > ずっともっとサービス > ハッピープレゼント > ハッピープレゼントメニューではどのようなライフイベントが対象となりますか？,ハッピープレゼントメニューではどのようなライフイベントが対象となりますか？,以下のライフイベント等を当社に連絡されますと、プレゼントを受取れます。 ■対象となるライフイベント等 ・ご契約者とご家族の 　ご就職・ご結婚・ご誕生※・小学校ご入学・中学校ご入学・還暦　 ・ご契約者の　 　更新・満期・払込満了 　※お子さまが生まれた時のことであり、お誕生日ではありません。 ■「ご家族」の範囲 　・配偶者様 　・お子さま 　・お孫さま 　 詳しくは、以下をご確認ください。 ハッピープレゼントメニュー
212,https://faq.nissay.co.jp/faq/show/212?site_domain=default,よくあるご質問 > ずっともっとサービス > ハッピープレゼント > ハッピープレゼントメニューを申込むのにサンクスマイルは必要ですか？,ハッピープレゼントメニューを申込むのにサンクスマイルは必要ですか？,ハッピープレゼントの申込みにはサンクスマイルは必要ありません。 ハッピープレゼントメニュー
213,https://faq.nissay.co.jp/faq/show/213?site_domain=default,よくあるご質問 > ずっともっとサービス > プレミアムチャンス > プレミアムチャンスとは何ですか？,プレミアムチャンスとは何ですか？,抽選で豪華賞品が当たります。応募には、サンクスマイル10マイルが必要です。 プレミアムチャンスメニュー
214,https://faq.nissay.co.jp/faq/show/214?site_domain=default,よくあるご質問 > ずっともっとサービス > プレミアムチャンス > プレミアムチャンスは、一度に複数口の応募はできますか？,プレミアムチャンスは、一度に複数口の応募はできますか？,一度に複数口の応募はできません。ご了承ください。 （異なる応募回であれば、何回でも応募できます。）
215,https://faq.nissay.co.jp/faq/show/215?site_domain=default,よくあるご質問 > ずっともっとサービス > プレミアムチャンス > プレミアムチャンスにはずれた場合、10マイルは返却されますか？,プレミアムチャンスにはずれた場合、10マイルは返却されますか？,10マイルはお返しできません。ご了承ください。
216,https://faq.nissay.co.jp/faq/show/216?site_domain=default,よくあるご質問 > ずっともっとサービス > ハートフルサポートメニュー > ハートフルサポートメニューとは何ですか？,ハートフルサポートメニューとは何ですか？,ずっともっとサービスの1つで、健康相談・介護相談・人間ドック割引・郵送検査優待（サリバチェッカー・おうちでドック）・スポーツクラブ利用・健康応援企業特別割引等の特典が受けられます。（サンクスマイルは必要ありません。） ハートフルサポートメニュー
325,https://faq.nissay.co.jp/faq/show/325?site_domain=default,よくあるご質問 > ご契約者さま専用サービス > ログイン > 「契約番号（証券記号番号）」 ・ 「証書記号番号」とは何ですか？,「契約番号（証券記号番号）」 ・ 「証書記号番号」とは何ですか？,契約番号（証券記号番号） 　　　　　契約番号（証券記号番号）は、ご契約単位に付与する番号です。「契約内容通 　　　　　知書」や年に1回送付している「ご契約内容のお知らせ」にてご確認ください。 　　　　　（「3桁＋1～7桁」の番号です。） 証書記号番号 　　　　　証書記号番号は、保険証書発行時に付与する番号です。年に1回送付している 　　　　　「ご契約内容のお知らせ」にてご確認ください。（「3桁＋1～7桁＋2桁」の番 　　　　　号です。）
